Unnamed: 0,dnsdomains,status,reason
1,img-resize-cdn-prod.samsungnyc.com|img-resize-cdn-prod-green.samsungnyc.com|img-resize-cdn-prod.samsungnyc.com.cdn.cloudflare.net,1,cdn domain 
2,c03.s3.indeed.com|d3fw5vlhllyvee.cloudfront.net,1,Storage and cdn 
3,inbox.google.com,1,Google email service
4,rr5---sn-p5qs7nzy.gvt1.com|rr5.sn-p5qs7nzy.gvt1.com,1,cdn or video streaming infrastructure
5,tvpnlogopus.samsungcloud.tv|d1hzq9ti566ru1.cloudfront.net,0,First half yes second one not 
6,tvpnlogopus.samsungcloud.tv|d1hzq9ti566ru1.cloudfront.net,0,First half yes second one not 
7,tvpnlogopus.samsungcloud.tv|d1hzq9ti566ru1.cloudfront.net,0,First half yes second one not 
8,eaassets-a.akamaihd.net|eaassets-a.akamaihd.net.edgesuite.net|a743.g.akamai.net,1,Gaming content delivery
9,uef.np.dl.playstation.net|uef.np.dl.playstation.net.edgesuite.net|a1935.d.akamai.net,1,Gaming content delivery
10,eaassets-a.akamaihd.net|eaassets-a.akamaihd.net.edgesuite.net|a743.g.akamai.net,1,Gaming content delivery
11,eaassets-a.akamaihd.net|eaassets-a.akamaihd.net.edgesuite.net|a743.g.akamai.net,1,Gaming content delivery
12,eaassets-a.akamaihd.net|eaassets-a.akamaihd.net.edgesuite.net|a743.g.akamai.net,1,Gaming content delivery
13,eaassets-a.akamaihd.net|eaassets-a.akamaihd.net.edgesuite.net|a743.g.akamai.net,1,Gaming content delivery
14,eaassets-a.akamaihd.net|eaassets-a.akamaihd.net.edgesuite.net|a743.g.akamai.net,1,Gaming content delivery
15,eaassets-a.akamaihd.net|eaassets-a.akamaihd.net.edgesuite.net|a743.g.akamai.net,1,Gaming content delivery
21,tvpnlogopus.samsungcloud.tv|d1hzq9ti566ru1.cloudfront.net,0,Samsung tv
22,tvpnlogopus.samsungcloud.tv|d1hzq9ti566ru1.cloudfront.net,0,Samsung tv
23,tvpnlogopus.samsungcloud.tv|d1hzq9ti566ru1.cloudfront.net,0,Samsung tv
24,tvpnlogopus.samsungcloud.tv|d1hzq9ti566ru1.cloudfront.net,0,Samsung tv
25,tvpnlogopus.samsungcloud.tv|d1hzq9ti566ru1.cloudfront.net,0,Samsung tv
26,tvpnlinupepgpus.samsungcloud.tv|d2xg3nsbx4ivwk.cloudfront.net,0,Samsung tv second half no
27,tvpnlinupepgpus.samsungcloud.tv|d2xg3nsbx4ivwk.cloudfront.net,0,Samsung tv second half no
28,tvpnlinupepgpus.samsungcloud.tv|d2xg3nsbx4ivwk.cloudfront.net,0,Samsung tv second half no
29,tvpnlinupepgpus.samsungcloud.tv|d2xg3nsbx4ivwk.cloudfront.net,0,Samsung tv second half no
30,tvpnlinupepgpus.samsungcloud.tv|d2xg3nsbx4ivwk.cloudfront.net,0,Samsung tv second half no
31,cdn1.futuretodayinc.com|t.sni.us-eu.fastly.net,1,Video Streaming Platforms 
32,cdn1.futuretodayinc.com|t.sni.us-eu.fastly.net,1,Video Streaming Platforms 
33,cdn1.futuretodayinc.com|t.sni.us-eu.fastly.net,1,Video Streaming Platforms 
34,cdn1.futuretodayinc.com|t.sni.us-eu.fastly.net,1,Video Streaming Platforms 
35,tvpnlinupepgpus.samsungcloud.tv|d2xg3nsbx4ivwk.cloudfront.net,0,SamsungTv 
36,tvpnlogopus.samsungcloud.tv|d1hzq9ti566ru1.cloudfront.net,0,SamsungTv 
37,store-images.s-microsoft.com|store-images.s-microsoft.com-c.edgekey.net|e12564.dspb.akamaiedge.net|user-att-64-108-32-0.e12564.dspb.akamaiedge.net,1,Content delivery domains 
38,d1s31zyz7dcc2d.cloudfront.prod.ota-cloudfront.net|d2jmp5j6kma5v6.cloudfront.net,1,Content delivery domains 
39,d1s31zyz7dcc2d.cloudfront.prod.ota-cloudfront.net|d2jmp5j6kma5v6.cloudfront.net,1,Content delivery domains 
40,steamcommunity-a.akamaihd.net|steamcommunity-a.akamaihd.net.edgesuite.net|a1697.b.akamai.net,1,gaming content delivery
41,cdn-stv.adgrx.com|cdn.ssl-delivery-network.com.edgekey.net|e3403.g.akamaiedge.net,1,Ad technology domain
42,cod-assets.cdn.callofduty.com|cod-assets.cdn.callofduty.com.edgesuite.net|a1991.dscv.akamai.net,1,Game content delivery 
43,cod-assets.cdn.callofduty.com|cod-assets.cdn.callofduty.com.edgesuite.net|a1991.dscv.akamai.net,1,Game content delivery 
44,cod-assets.cdn.callofduty.com|cod-assets.cdn.callofduty.com.edgesuite.net|a1991.dscv.akamai.net,1,Game content delivery 
45,cod-assets.cdn.callofduty.com|cod-assets.cdn.callofduty.com.edgesuite.net|a1991.dscv.akamai.net,1,Game content delivery 
46,cod-assets.cdn.callofduty.com|cod-assets.cdn.callofduty.com.edgesuite.net|a1991.dscv.akamai.net,1,Game content delivery 
47,cod-assets.cdn.callofduty.com|cod-assets.cdn.callofduty.com.edgesuite.net|a1991.dscv.akamai.net,1,Game content delivery 
48,cod-assets.cdn.callofduty.com|cod-assets.cdn.callofduty.com.edgesuite.net|a1991.dscv.akamai.net,1,Game content delivery 
49,cod-assets.cdn.callofduty.com|cod-assets.cdn.callofduty.com.edgesuite.net|a1991.dscv.akamai.net,1,Game content delivery 
50,cod-assets.cdn.callofduty.com|cod-assets.cdn.callofduty.com.edgesuite.net|a1991.dscv.akamai.net,1,Game content delivery 
51,adsegments-prd-us-east-1.jwplayer.com,1,JW player add technology 
52,adsegments-prd-us-east-1.jwplayer.com,1,JW player add technology 
53,adsegments-prd-us-east-1.jwplayer.com,1,JW player add technology 
54,adsegments-prd-us-east-1.jwplayer.com,1,JW player add technology 
55,adsegments-prd-us-east-1.jwplayer.com,1,JW player add technology 
56,m.media-amazon.com|tp.c47710ee9-frontier.media-amazon.com|c.media-amazon.com,0,Amazons video content delivery 
57,m.media-amazon.com|tp.c47710ee9-frontier.media-amazon.com|c.media-amazon.com,0,Amazons video content delivery 
58,m.media-amazon.com|tp.c47710ee9-frontier.media-amazon.com|c.media-amazon.com,0,Amazons video content delivery 
59,m.media-amazon.com|tp.c47710ee9-frontier.media-amazon.com|c.media-amazon.com,0,Amazons video content delivery 
60,m.media-amazon.com|tp.c47710ee9-frontier.media-amazon.com|c.media-amazon.com,0,Amazons video content delivery 
61,replay-storage-x20na.easebar.com|replay-storage-x20na.easebar.com.akamaized.net|a1347.d.akamai.net|user-att-108-71-8-0.a1347.d.akamai.net,0,Akamai cdn domain
62,replay-storage-x20na.easebar.com|replay-storage-x20na.easebar.com.akamaized.net|a1347.d.akamai.net|user-att-108-71-8-0.a1347.d.akamai.net,0,Akamai cdn domain
63,replay-storage-x20na.easebar.com|replay-storage-x20na.easebar.com.akamaized.net|a1347.d.akamai.net|user-att-108-71-8-0.a1347.d.akamai.net,0,Akamai cdn domain
64,replay-storage-x20na.easebar.com|replay-storage-x20na.easebar.com.akamaized.net|a1347.d.akamai.net|user-att-108-71-8-0.a1347.d.akamai.net,0,Akamai cdn domain
65,replay-storage-x20na.easebar.com|replay-storage-x20na.easebar.com.akamaized.net|a1347.d.akamai.net|user-att-108-71-8-0.a1347.d.akamai.net,0,Akamai cdn domain
66,replay-storage-x20na.easebar.com|replay-storage-x20na.easebar.com.akamaized.net|a1347.d.akamai.net|user-att-108-71-8-0.a1347.d.akamai.net,0,Akamai cdn domain
67,replay-storage-x20na.easebar.com|replay-storage-x20na.easebar.com.akamaized.net|a1347.d.akamai.net|user-att-108-71-8-0.a1347.d.akamai.net,0,Akamai cdn domain
68,tvpnlinupepgpus.samsungcloud.tv|d2xg3nsbx4ivwk.cloudfront.net,0,Smasung Tv
69,tvpnlinupepgpus.samsungcloud.tv|d2xg3nsbx4ivwk.cloudfront.net,0,Smasung Tv
70,tvpnlinupepgpus.samsungcloud.tv|d2xg3nsbx4ivwk.cloudfront.net,0,Smasung Tv
71,tvpnlinupepgpus.samsungcloud.tv|d2xg3nsbx4ivwk.cloudfront.net,0,Smasung Tv
72,tvpnlinupepgpus.samsungcloud.tv|d2xg3nsbx4ivwk.cloudfront.net,0,Smasung Tv
73,cod-assets.cdn.callofduty.com|cod-assets.cdn.callofduty.com.edgesuite.net|a1991.dscv.akamai.net,1,gaming content delivery
74,cod-assets.cdn.callofduty.com|cod-assets.cdn.callofduty.com.edgesuite.net|a1991.dscv.akamai.net,1,gaming content delivery
75,prod.cdni.callofduty.com|prod.cdni.callofduty.com.edgesuite.net|a224.dscw27.akamai.net,1,gaming content delivery
76,prod.cdni.callofduty.com|prod.cdni.callofduty.com.edgesuite.net|a224.dscw27.akamai.net,1,gaming content delivery
77,prod.cdni.callofduty.com|prod.cdni.callofduty.com.edgesuite.net|a224.dscw27.akamai.net,1,gaming content delivery
78,prod.cdni.callofduty.com|prod.cdni.callofduty.com.edgesuite.net|a224.dscw27.akamai.net,1,gaming content delivery
79,cod-assets.cdn.callofduty.com|cod-assets.cdn.callofduty.com.edgesuite.net|a1991.dscv.akamai.net,1,gaming content delivery
80,cod-assets.cdn.callofduty.com|cod-assets.cdn.callofduty.com.edgesuite.net|a1991.dscv.akamai.net,1,gaming content delivery
81,cod-assets.cdn.callofduty.com|cod-assets.cdn.callofduty.com.edgesuite.net|a1991.dscv.akamai.net,1,gaming content delivery
82,cod-assets.cdn.callofduty.com|cod-assets.cdn.callofduty.com.edgesuite.net|a1991.dscv.akamai.net,1,gaming content delivery
83,cod-assets.cdn.callofduty.com|cod-assets.cdn.callofduty.com.edgesuite.net|a1991.dscv.akamai.net,1,gaming content delivery
84,cod-assets.cdn.callofduty.com|cod-assets.cdn.callofduty.com.edgesuite.net|a1991.dscv.akamai.net,1,gaming content delivery
85,cdn-stv.adgrx.com|cdn.ssl-delivery-network.com.edgekey.net|e3403.g.akamaiedge.net,1,Advertising technology
86,pi.ispot.tv|j.sni.global.fastly.net,1,Cdn related to tv and content  streaming 
87,pi.ispot.tv|j.sni.global.fastly.net,1,Cdn related to tv and content  streaming 
88,pi.ispot.tv|j.sni.global.fastly.net,1,Cdn related to tv and content  streaming 
89,pi.ispot.tv|j.sni.global.fastly.net,1,Cdn related to tv and content  streaming 
90,pi.ispot.tv|j.sni.global.fastly.net,1,Cdn related to tv and content  streaming 
91,mask-h2.icloud.com|mask.apple-dns.net,1,Apple's privacy and 
92,mask-h2.icloud.com|mask.apple-dns.net,1,Apple's privacy and 
93,mask-h2.icloud.com|mask.apple-dns.net,1,Apple's privacy and 
94,mask-h2.icloud.com|mask.apple-dns.net,1,Apple's privacy and 
95,mask-h2.icloud.com|mask.apple-dns.net,1,Apple's privacy and 
96,dwbaovfv9fmja.cloudfront.net,1,Advertising Analytics 
97,dwbaovfv9fmja.cloudfront.net,1,Advertising Analytics 
98,dwbaovfv9fmja.cloudfront.net,1,Advertising Analytics 
99,dwbaovfv9fmja.cloudfront.net,1,Advertising Analytics 
100,dwbaovfv9fmja.cloudfront.net,1,Advertising Analytics 
101,mask-h2.icloud.com|mask.apple-dns.net,1,Apple's privacy and 
102,media.ceros.com|media-s3-us-east-1.ceros.com|media-s3-us-east-1.ceros.com.cdn.cloudflare.net,1,Ceros for interactive content
103,media.ceros.com|media-s3-us-east-1.ceros.com|media-s3-us-east-1.ceros.com.cdn.cloudflare.net,1,Ceros for interactive content
104,media.ceros.com|media-s3-us-east-1.ceros.com|media-s3-us-east-1.ceros.com.cdn.cloudflare.net,1,Ceros for interactive content
105,media.ceros.com|media-s3-us-east-1.ceros.com|media-s3-us-east-1.ceros.com.cdn.cloudflare.net,1,Ceros for interactive content
106,media.ceros.com|media-s3-us-east-1.ceros.com|media-s3-us-east-1.ceros.com.cdn.cloudflare.net,1,Ceros for interactive content
107,d24hosivsxf1sb.cloudfront.net,1,Content delivery domains 
108,d24hosivsxf1sb.cloudfront.net,1,Content delivery domains 
109,d24hosivsxf1sb.cloudfront.net,1,Content delivery domains 
110,d24hosivsxf1sb.cloudfront.net,1,Content delivery domains 
111,d24hosivsxf1sb.cloudfront.net,1,Content delivery domains 
112,nmax2amzn.akamaized.net,0,Amazons video content delivery 
113,nmax2amzn.akamaized.net,0,Amazons video content delivery 
114,nmax2amzn.akamaized.net,0,Amazons video content delivery 
115,nmax2amzn.akamaized.net,0,Amazons video content delivery 
116,nmax2amzn.akamaized.net,0,Amazons video content delivery 
117,nmax2amzn.akamaized.net,0,Amazons video content delivery 
118,d1ehscoabrpnvb.cloudfront.net,1,Amazon Cloudfront cdn domain
119,d1ehscoabrpnvb.cloudfront.net,1,Amazon Cloudfront cdn domain
120,d1ehscoabrpnvb.cloudfront.net,1,Amazon Cloudfront cdn domain
121,d1ehscoabrpnvb.cloudfront.net,1,Amazon Cloudfront cdn domain
122,d1ehscoabrpnvb.cloudfront.net,1,Amazon Cloudfront cdn domain
123,d1ehscoabrpnvb.cloudfront.net,1,Amazon Cloudfront cdn domain
124,d33p4u4e8ptbu4.cloudfront.net,1,Amazon Cloudfront cdn domain
125,d33p4u4e8ptbu4.cloudfront.net,1,Amazon Cloudfront cdn domain
126,d33p4u4e8ptbu4.cloudfront.net,1,Amazon Cloudfront cdn domain
127,d33p4u4e8ptbu4.cloudfront.net,1,Amazon Cloudfront cdn domain
128,d33p4u4e8ptbu4.cloudfront.net,1,Amazon Cloudfront cdn domain
129,d33p4u4e8ptbu4.cloudfront.net,1,Amazon Cloudfront cdn domain
130,d1s31zyz7dcc2d.cloudfront.prod.ota-cloudfront.net|d2jmp5j6kma5v6.cloudfront.net,1,Amazon Cloudfront cdn domain
131,d1s31zyz7dcc2d.cloudfront.prod.ota-cloudfront.net|d2jmp5j6kma5v6.cloudfront.net,1,Amazon Cloudfront cdn domain
132,d1s31zyz7dcc2d.cloudfront.prod.ota-cloudfront.net|d2jmp5j6kma5v6.cloudfront.net,1,Amazon Cloudfront cdn domain
133,d24hosivsxf1sb.cloudfront.net,1,Amazon Cloudfront cdn domain
134,d24hosivsxf1sb.cloudfront.net,1,Amazon Cloudfront cdn domain
135,m.media-amazon.com|tp.c47710ee9-frontier.media-amazon.com|c.media-amazon.com,0,Amazon Media domain
136,m.media-amazon.com|tp.c47710ee9-frontier.media-amazon.com|c.media-amazon.com,0,Amazon Media domain
137,m.media-amazon.com|tp.c47710ee9-frontier.media-amazon.com|c.media-amazon.com,0,Amazon Media domain
138,m.media-amazon.com|tp.c47710ee9-frontier.media-amazon.com|c.media-amazon.com,0,Amazon Media domain
139,m.media-amazon.com|tp.c47710ee9-frontier.media-amazon.com|c.media-amazon.com,0,Amazon Media domain
140,d1s31zyz7dcc2d.cloudfront.prod.ota-cloudfront.net,1,Cloudfront Distribution
141,d1s31zyz7dcc2d.cloudfront.prod.ota-cloudfront.net,1,Cloudfront Distribution
142,d1s31zyz7dcc2d.cloudfront.prod.ota-cloudfront.net,1,Cloudfront Distribution
143,d1s31zyz7dcc2d.cloudfront.prod.ota-cloudfront.net,1,Cloudfront Distribution
144,seed-mix-image.spotifycdn.com|bob.cdn-gslb.spotify.com|tls13.spotifycdn.map.fastly.net,1,Spotify audio streaming
145,seed-mix-image.spotifycdn.com|bob.cdn-gslb.spotify.com|tls13.spotifycdn.map.fastly.net,1,Spotify audio streaming
146,seed-mix-image.spotifycdn.com|bob.cdn-gslb.spotify.com|tls13.spotifycdn.map.fastly.net,1,Spotify audio streaming
147,seed-mix-image.spotifycdn.com|bob.cdn-gslb.spotify.com|tls13.spotifycdn.map.fastly.net,1,Spotify audio streaming
148,seed-mix-image.spotifycdn.com|bob.cdn-gslb.spotify.com|tls13.spotifycdn.map.fastly.net,1,Spotify audio streaming
149,audio-ak.spotifycdn.com|audio-ak.spotifycdn.com.edgesuite.net|a297.dscc.akamai.net,1,Spotify audio streaming
150,uef.np.dl.playstation.net|uef.np.dl.playstation.net.edgesuite.net|a1935.d.akamai.net,1,Game content delivery 
151,uef.np.dl.playstation.net|uef.np.dl.playstation.net.edgesuite.net|a1935.d.akamai.net,1,Game content delivery 
152,uef.np.dl.playstation.net|uef.np.dl.playstation.net.edgesuite.net|a1935.d.akamai.net,1,Game content delivery 
153,uef.np.dl.playstation.net|uef.np.dl.playstation.net.edgesuite.net|a1935.d.akamai.net,1,Game content delivery 
154,uef.np.dl.playstation.net|uef.np.dl.playstation.net.edgesuite.net|a1935.d.akamai.net,1,Game content delivery 
155,uef.np.dl.playstation.net|uef.np.dl.playstation.net.edgesuite.net|a1935.d.akamai.net,1,Game content delivery 
156,audio-ak.spotifycdn.com|audio-ak.spotifycdn.com.edgesuite.net|a297.dscc.akamai.net,1,Spotify audio streaming
157,audio-ak.spotifycdn.com|audio-ak.spotifycdn.com.edgesuite.net|a297.dscc.akamai.net,1,Spotify audio streaming
158,audio-ak.spotifycdn.com|audio-ak.spotifycdn.com.edgesuite.net|a297.dscc.akamai.net,1,Spotify audio streaming
159,audio-ak.spotifycdn.com|audio-ak.spotifycdn.com.edgesuite.net|a297.dscc.akamai.net,1,Spotify audio streaming
160,audio-ak.spotifycdn.com|audio-ak.spotifycdn.com.edgesuite.net|a297.dscc.akamai.net,1,Spotify audio streaming
161,audio-ak.spotifycdn.com|audio-ak.spotifycdn.com.edgesuite.net|a297.dscc.akamai.net,1,Spotify audio streaming
162,audio-ak.spotifycdn.com|audio-ak.spotifycdn.com.edgesuite.net|a297.dscc.akamai.net,1,Spotify audio streaming
163,audio-ak.spotifycdn.com|audio-ak.spotifycdn.com.edgesuite.net|a297.dscc.akamai.net,1,Spotify audio streaming
164,audio-ak.spotifycdn.com|audio-ak.spotifycdn.com.edgesuite.net|a297.dscc.akamai.net,1,Spotify audio streaming
165,d24hosivsxf1sb.cloudfront.net,1,Cloudfront CDN domain
166,d24hosivsxf1sb.cloudfront.net,1,Cloudfront CDN domain
167,d24hosivsxf1sb.cloudfront.net,1,Cloudfront CDN domain
168,d24hosivsxf1sb.cloudfront.net,1,Cloudfront CDN domain
169,d24hosivsxf1sb.cloudfront.net,1,Cloudfront CDN domain
170,d24hosivsxf1sb.cloudfront.net,1,Cloudfront CDN domain
171,tvpnlinupepgpus.samsungcloud.tv|d2xg3nsbx4ivwk.cloudfront.net,0,Samsung TV plus
172,tvpnlinupepgpus.samsungcloud.tv|d2xg3nsbx4ivwk.cloudfront.net,0,Samsung TV plus
173,tvpnlinupepgpus.samsungcloud.tv|d2xg3nsbx4ivwk.cloudfront.net,0,Samsung TV plus
174,tvpnlinupepgpus.samsungcloud.tv|d2xg3nsbx4ivwk.cloudfront.net,0,Samsung TV plus
175,tvpnlinupepgpus.samsungcloud.tv|d2xg3nsbx4ivwk.cloudfront.net,0,Samsung TV plus
176,tvpnlinupepgpus.samsungcloud.tv|d2xg3nsbx4ivwk.cloudfront.net,0,Samsung TV plus
177,akamaistg.b-cdn.net,1,Content Delivery Network
178,akamaistg.b-cdn.net,1,Content Delivery Network
179,akamaistg.b-cdn.net,1,Content Delivery Network
180,akamaistg.b-cdn.net,1,Content Delivery Network
181,akamaistg.b-cdn.net,1,Content Delivery Network
182,akamaistg.b-cdn.net,1,Content Delivery Network
183,tvpnlogopus.samsungcloud.tv|d1hzq9ti566ru1.cloudfront.net,0,Samsung Tv plus
184,tvpnlogopus.samsungcloud.tv|d1hzq9ti566ru1.cloudfront.net,0,Samsung Tv plus
185,tvpnlogopus.samsungcloud.tv|d1hzq9ti566ru1.cloudfront.net,0,Samsung Tv plus
186,tvpnlogopus.samsungcloud.tv|d1hzq9ti566ru1.cloudfront.net,0,Samsung Tv plus
187,tvpnlogopus.samsungcloud.tv|d1hzq9ti566ru1.cloudfront.net,0,Samsung Tv plus
188,snap-news.mds.fidelity.com|snap-news.mds.fidelity.com.edgekey.net|e29432.a.akamaiedge.net,1,Fidelity Investments 
189,snap-news.mds.fidelity.com|snap-news.mds.fidelity.com.edgekey.net|e29432.a.akamaiedge.net,1,Fidelity Investments 
190,snap-news.mds.fidelity.com|snap-news.mds.fidelity.com.edgekey.net|e29432.a.akamaiedge.net,1,Fidelity Investments 
191,snap-news.mds.fidelity.com|snap-news.mds.fidelity.com.edgekey.net|e29432.a.akamaiedge.net,1,Fidelity Investments 
192,snap-news.mds.fidelity.com|snap-news.mds.fidelity.com.edgekey.net|e29432.a.akamaiedge.net,1,Fidelity Investments 
193,d-code.liadm.com|d26da0dx1ebj70.cloudfront.net,1,Advertising technology
194,d-code.liadm.com|d26da0dx1ebj70.cloudfront.net,1,Advertising technology
195,d-code.liadm.com|d26da0dx1ebj70.cloudfront.net,1,Advertising technology
196,d-code.liadm.com|d26da0dx1ebj70.cloudfront.net,1,Advertising technology
197,d-code.liadm.com|d26da0dx1ebj70.cloudfront.net,1,Advertising technology
198,app-measurement.com,1,Firebase
199,app-measurement.com,1,Firebase
200,app-measurement.com,1,Firebase
201,app-measurement.com,1,Firebase
202,app-measurement.com,1,Firebase
203,ss.phncdn.com|ss.phncdn.com.sds.rncdn7.com,0,Adult Content
204,ss.phncdn.com|ss.phncdn.com.sds.rncdn7.com,0,Adult Content
205,ss.phncdn.com|ss.phncdn.com.sds.rncdn7.com,0,Adult Content
206,ss.phncdn.com|ss.phncdn.com.sds.rncdn7.com,0,Adult Content
207,ss.phncdn.com|ss.phncdn.com.sds.rncdn7.com,0,Adult Content
208,ade.googlesyndication.com,1,Advertisng Technology
209,ade.googlesyndication.com,1,Advertisng Technology
210,ade.googlesyndication.com,1,Advertisng Technology
211,ade.googlesyndication.com,1,Advertisng Technology
212,gdmf.apple.com|gdmf.v.aaplimg.com,1,Apple Services 
213,gdmf.apple.com|gdmf.v.aaplimg.com,1,Apple Services 
214,gdmf.apple.com|gdmf.v.aaplimg.com,1,Apple Services 
215,gdmf.apple.com|gdmf.v.aaplimg.com,1,Apple Services 
216,gdmf.apple.com|gdmf.v.aaplimg.com,1,Apple Services 
217,d24hosivsxf1sb.cloudfront.net,1,Cloudfront Distribution
218,d24hosivsxf1sb.cloudfront.net,1,Cloudfront Distribution
219,d24hosivsxf1sb.cloudfront.net,1,Cloudfront Distribution
220,d24hosivsxf1sb.cloudfront.net,1,Cloudfront Distribution
221,d1s31zyz7dcc2d.cloudfront.prod.ota-cloudfront.net,1,Amazon Cloudfront cdn domain
222,d1s31zyz7dcc2d.cloudfront.prod.ota-cloudfront.net,1,Amazon Cloudfront cdn domain
223,d1s31zyz7dcc2d.cloudfront.prod.ota-cloudfront.net,1,Amazon Cloudfront cdn domain
224,d1s31zyz7dcc2d.cloudfront.prod.ota-cloudfront.net,1,Amazon Cloudfront cdn domain
225,d1s31zyz7dcc2d.cloudfront.prod.ota-cloudfront.net,1,Amazon Cloudfront cdn domain
226,amg01439-amg01439c1-amgplt0081.playout.now3.amagi.tv|dbx447uvqjk9v.cloudfront.net,1,Technical infrastructure for content 
227,amg01439-amg01439c1-amgplt0081.playout.now3.amagi.tv|dbx447uvqjk9v.cloudfront.net,1,Technical infrastructure for content 
228,amg01439-amg01439c1-amgplt0081.playout.now3.amagi.tv|dbx447uvqjk9v.cloudfront.net,1,Technical infrastructure for content 
229,amg01439-amg01439c1-amgplt0081.playout.now3.amagi.tv|dbx447uvqjk9v.cloudfront.net,1,Technical infrastructure for content 
230,statics.teams.cdn.live.net|tfl-staticscdn.trafficmanager.net|statics.teams.cdn.live.net.edgesuite.net|a1996.dscd.akamai.net,1,Microsoft CDN
231,statics.teams.cdn.live.net|tfl-staticscdn.trafficmanager.net|statics.teams.cdn.live.net.edgesuite.net|a1996.dscd.akamai.net,1,Microsoft CDN
232,statics.teams.cdn.live.net|tfl-staticscdn.trafficmanager.net|statics.teams.cdn.live.net.edgesuite.net|a1996.dscd.akamai.net,1,Microsoft CDN
233,statics.teams.cdn.live.net|tfl-staticscdn.trafficmanager.net|statics.teams.cdn.live.net.edgesuite.net|a1996.dscd.akamai.net,1,Microsoft CDN
234,statics.teams.cdn.live.net|tfl-staticscdn.trafficmanager.net|statics.teams.cdn.live.net.edgesuite.net|a1996.dscd.akamai.net,1,Microsoft CDN
235,d1s31zyz7dcc2d.cloudfront.prod.ota-cloudfront.net|d2jmp5j6kma5v6.cloudfront.net,1,Advertising content delivery
236,d1s31zyz7dcc2d.cloudfront.prod.ota-cloudfront.net|d2jmp5j6kma5v6.cloudfront.net,1,Advertising content delivery
237,d1s31zyz7dcc2d.cloudfront.prod.ota-cloudfront.net|d2jmp5j6kma5v6.cloudfront.net,1,Advertising content delivery
238,d1s31zyz7dcc2d.cloudfront.prod.ota-cloudfront.net|d2jmp5j6kma5v6.cloudfront.net,1,Advertising content delivery
239,d1s31zyz7dcc2d.cloudfront.prod.ota-cloudfront.net|d2jmp5j6kma5v6.cloudfront.net,1,Advertising content delivery
240,tvpnlogopus.samsungcloud.tv|d1hzq9ti566ru1.cloudfront.net,0,Samsung Tv plus
241,tvpnlogopus.samsungcloud.tv|d1hzq9ti566ru1.cloudfront.net,0,Samsung Tv plus
242,tvpnlogopus.samsungcloud.tv|d1hzq9ti566ru1.cloudfront.net,0,Samsung Tv plus
243,tvpnlogopus.samsungcloud.tv|d1hzq9ti566ru1.cloudfront.net,0,Samsung Tv plus
244,b.c2r.ts.cdn.office.net|office-b-net.trafficmanager.net|bg.microsoft.map.fastly.net,1,Microsoft CDN
245,b.c2r.ts.cdn.office.net|office-b-net.trafficmanager.net|bg.microsoft.map.fastly.net,1,Microsoft CDN
246,b.c2r.ts.cdn.office.net|office-b-net.trafficmanager.net|bg.microsoft.map.fastly.net,1,Microsoft CDN
247,b.c2r.ts.cdn.office.net|office-b-net.trafficmanager.net|bg.microsoft.map.fastly.net,1,Microsoft CDN
248,b.c2r.ts.cdn.office.net|office-b-net.trafficmanager.net|bg.microsoft.map.fastly.net,1,Microsoft CDN
249,s7mbrstream.scene7.com|wildcard-amd.scene7.com.edgesuite.net|a257.dscv.akamai.net|user-att-108-202-176-0.a257.dscv.akamai.net,1,Adobe Scene 7
250,s7mbrstream.scene7.com|wildcard-amd.scene7.com.edgesuite.net|a257.dscv.akamai.net|user-att-108-202-176-0.a257.dscv.akamai.net,1,Adobe Scene 8
251,s7mbrstream.scene7.com|wildcard-amd.scene7.com.edgesuite.net|a257.dscv.akamai.net|user-att-108-202-176-0.a257.dscv.akamai.net,1,Adobe Scene 9
252,s7mbrstream.scene7.com|wildcard-amd.scene7.com.edgesuite.net|a257.dscv.akamai.net|user-att-108-202-176-0.a257.dscv.akamai.net,1,Adobe Scene 10
253,ipv6.msftconnecttest.com|ncsiv6-geo.trafficmanager.net|ipv6.msftconnecttest.com.edgesuite.net|a1968.i6g1.akamai.net|user-att-108-202-176-0.a1968.i6g1.akamai.net,1,Network and Infrastructure connectivity
254,ipv6.msftconnecttest.com|ncsiv6-geo.trafficmanager.net|ipv6.msftconnecttest.com.edgesuite.net|a1968.i6g1.akamai.net|user-att-108-202-176-0.a1968.i6g1.akamai.net,1,Network and Infrastructure connectivity
255,ipv6.msftconnecttest.com|ncsiv6-geo.trafficmanager.net|ipv6.msftconnecttest.com.edgesuite.net|a1968.i6g1.akamai.net|user-att-108-202-176-0.a1968.i6g1.akamai.net,1,Network and Infrastructure connectivity
256,ipv6.msftconnecttest.com|ncsiv6-geo.trafficmanager.net|ipv6.msftconnecttest.com.edgesuite.net|a1968.i6g1.akamai.net|user-att-108-202-176-0.a1968.i6g1.akamai.net,1,Network and Infrastructure connectivity
257,ipv6.msftconnecttest.com|ncsiv6-geo.trafficmanager.net|ipv6.msftconnecttest.com.edgesuite.net|a1968.i6g1.akamai.net|user-att-108-202-176-0.a1968.i6g1.akamai.net,1,Network and Infrastructure connectivity
258,image.isu.pub|dualstack.m.sni.global.fastly.net,1,Digital Publishing and content delivery
259,image.isu.pub|dualstack.m.sni.global.fastly.net,1,Digital Publishing and content delivery
260,image.isu.pub|dualstack.m.sni.global.fastly.net,1,Digital Publishing and content delivery
261,image.isu.pub|dualstack.m.sni.global.fastly.net,1,Digital Publishing and content delivery
262,image.isu.pub|dualstack.m.sni.global.fastly.net,1,Digital Publishing and content delivery
263,reader3.isu.pub|dualstack.m.sni.global.fastly.net,1,Digital Publishing and content delivery
264,reader3.isu.pub|dualstack.m.sni.global.fastly.net,1,Digital Publishing and content delivery
265,reader3.isu.pub|dualstack.m.sni.global.fastly.net,1,Digital Publishing and content delivery
266,reader3.isu.pub|dualstack.m.sni.global.fastly.net,1,Digital Publishing and content delivery
267,reader3.isu.pub|dualstack.m.sni.global.fastly.net,1,Digital Publishing and content delivery
268,secure.entertimeonline.com,1,Entertainment cdn
269,secure.entertimeonline.com,1,Entertainment cdn
270,secure.entertimeonline.com,1,Entertainment cdn
271,secure.entertimeonline.com,1,Entertainment cdn
272,secure.entertimeonline.com,1,Entertainment cdn
273,d19rpgkrjeba2z.cloudfront.net,1,Cloudfront CDN domain
274,prod-mediate-events.applovin.com,1,Applovin mobile marketing
275,prod-mediate-events.applovin.com,1,Applovin mobile marketing
276,prod-mediate-events.applovin.com,1,Applovin mobile marketing
277,prod-mediate-events.applovin.com,1,Applovin mobile marketing
278,us-api.samsungpositioning.com|k8s-sp-newapius-b238b00e82-323463987.us-west-2.elb.amazonaws.com,1,Samsung positioning services 
279,us-api.samsungpositioning.com|k8s-sp-newapius-b238b00e82-323463987.us-west-2.elb.amazonaws.com,1,Samsung positioning services 
280,us-api.samsungpositioning.com|k8s-sp-newapius-b238b00e82-323463987.us-west-2.elb.amazonaws.com,1,Samsung positioning services 
281,us-api.samsungpositioning.com|k8s-sp-newapius-b238b00e82-323463987.us-west-2.elb.amazonaws.com,1,Samsung positioning services 
282,us-api.samsungpositioning.com|k8s-sp-newapius-b238b00e82-323463987.us-west-2.elb.amazonaws.com,1,Samsung positioning services 
283,armor.ltwebstatic.com|armor.ltwebstatic.com.edgekey.net|e353850.f.akamaiedge.net,1,General web content 
284,armor.ltwebstatic.com|armor.ltwebstatic.com.edgekey.net|e353850.f.akamaiedge.net,1,General web content 
285,armor.ltwebstatic.com|armor.ltwebstatic.com.edgekey.net|e353850.f.akamaiedge.net,1,General web content 
286,armor.ltwebstatic.com|armor.ltwebstatic.com.edgekey.net|e353850.f.akamaiedge.net,1,General web content 
287,armor.ltwebstatic.com|armor.ltwebstatic.com.edgekey.net|e353850.f.akamaiedge.net,1,General web content 
288,armor.ltwebstatic.com|armor.ltwebstatic.com.edgekey.net|e353850.f.akamaiedge.net,1,General web content 
289,api.samsungcloud.com|scloud-p2uw2-ext.elb.samsungcloud.com,1,Smasung cloud services
290,api.samsungcloud.com|scloud-p2uw2-ext.elb.samsungcloud.com,1,Smasung cloud services
291,api.samsungcloud.com|scloud-p2uw2-ext.elb.samsungcloud.com,1,Smasung cloud services
292,engagements.appsflyer.com,1,Appsflyer mobile marketing 
293,engagements.appsflyer.com,1,Appsflyer mobile marketing 
294,engagements.appsflyer.com,1,Appsflyer mobile marketing 
295,engagements.appsflyer.com,1,Appsflyer mobile marketing 
296,videos-cloudfront-usp.jwpsrv.com|d34azmi6bxg5fz.cloudfront.net,0,JW player 
297,videos-cloudfront-usp.jwpsrv.com|d34azmi6bxg5fz.cloudfront.net,0,JW player 
298,videos-cloudfront-usp.jwpsrv.com|d34azmi6bxg5fz.cloudfront.net,0,JW player 
299,videos-cloudfront-usp.jwpsrv.com|d34azmi6bxg5fz.cloudfront.net,0,JW player 
300,videos-cloudfront-usp.jwpsrv.com|d34azmi6bxg5fz.cloudfront.net,0,JW player 
301,videos-cloudfront-usp.jwpsrv.com|d34azmi6bxg5fz.cloudfront.net,0,JW player 
302,dd6zx4ibq538k.cloudfront.net,1,Cloudfront CDN domain
303,dd6zx4ibq538k.cloudfront.net,1,Cloudfront CDN domain
304,dd6zx4ibq538k.cloudfront.net,1,Cloudfront CDN domain
305,cdn.jwplayer.com,0,JwPlayer
306,cdn.jwplayer.com,0,JwPlayer
307,cdn.jwplayer.com,0,JwPlayer
308,cdn.jwplayer.com,0,JwPlayer
309,cdn.jwplayer.com,0,JwPlayer
310,dn6q4f0q0kh23.cloudfront.net,1,General web content 
311,d2ufudlfb4rsg4.cloudfront.net,1,General web content 
312,d2ufudlfb4rsg4.cloudfront.net,1,General web content 
313,d2ufudlfb4rsg4.cloudfront.net,1,General web content 
314,d2ufudlfb4rsg4.cloudfront.net,1,General web content 
315,d2ufudlfb4rsg4.cloudfront.net,1,General web content 
316,d2ufudlfb4rsg4.cloudfront.net,1,General web content 
317,d2ufudlfb4rsg4.cloudfront.net,1,General web content 
318,d2ufudlfb4rsg4.cloudfront.net,1,General web content 
319,d2ufudlfb4rsg4.cloudfront.net,1,General web content 
320,d6wyculpvlvh1.cloudfront.net,1,General web content 
321,d2ufudlfb4rsg4.cloudfront.net,1,General web content 
322,d2ufudlfb4rsg4.cloudfront.net,1,General web content 
323,d2ufudlfb4rsg4.cloudfront.net,1,General web content 
324,d2ufudlfb4rsg4.cloudfront.net,1,General web content 
325,d2ufudlfb4rsg4.cloudfront.net,1,General web content 
326,d2ufudlfb4rsg4.cloudfront.net,1,General web content 
327,d2ufudlfb4rsg4.cloudfront.net,1,General web content 
328,d6wyculpvlvh1.cloudfront.net,1,General web content 
329,d6wyculpvlvh1.cloudfront.net,1,General web content 
330,d2ufudlfb4rsg4.cloudfront.net,1,General web content 
331,d2ufudlfb4rsg4.cloudfront.net,1,General web content 
332,d2ufudlfb4rsg4.cloudfront.net,1,General web content 
333,d2ufudlfb4rsg4.cloudfront.net,1,General web content 
334,d2ufudlfb4rsg4.cloudfront.net,1,General web content 
335,d2ufudlfb4rsg4.cloudfront.net,1,General web content 
336,d2ufudlfb4rsg4.cloudfront.net,1,General web content 
337,d2ufudlfb4rsg4.cloudfront.net,1,General web content 
338,d2ufudlfb4rsg4.cloudfront.net,1,General web content 
339,d2ufudlfb4rsg4.cloudfront.net,1,General web content 
340,d2ufudlfb4rsg4.cloudfront.net,1,General web content 
341,tvpnlinupepgpus.samsungcloud.tv|d2xg3nsbx4ivwk.cloudfront.net,0,Samsung smart tv
342,tvpnlinupepgpus.samsungcloud.tv|d2xg3nsbx4ivwk.cloudfront.net,0,Samsung smart tv
343,tvpnlinupepgpus.samsungcloud.tv|d2xg3nsbx4ivwk.cloudfront.net,0,Samsung smart tv
344,tvpnlinupepgpus.samsungcloud.tv|d2xg3nsbx4ivwk.cloudfront.net,0,Samsung smart tv
345,ocsp2.apple.com|ocsp2-lb.apple.com.akadns.net|ocsp2.g.aaplimg.com,1,Apple Services 
346,ocsp2.apple.com|ocsp2-lb.apple.com.akadns.net|ocsp2.g.aaplimg.com,1,Apple Services 
347,ocsp2.apple.com|ocsp2-lb.apple.com.akadns.net|ocsp2.g.aaplimg.com,1,Apple Services 
348,ocsp2.apple.com|ocsp2-lb.apple.com.akadns.net|ocsp2.g.aaplimg.com,1,Apple Services 
349,ocsp2.apple.com|ocsp2-lb.apple.com.akadns.net|ocsp2.g.aaplimg.com,1,Apple Services 
350,amazonadsi-a.akamaihd.net,1,Amazon Advertising 
351,amazonadsi-a.akamaihd.net,1,Amazon Advertising 
352,amazonadsi-a.akamaihd.net,1,Amazon Advertising 
353,amazonadsi-a.akamaihd.net,1,Amazon Advertising 
354,d24hosivsxf1sb.cloudfront.net,1,Genric Cloudfront cdn 
355,d1s31zyz7dcc2d.cloudfront.prod.ota-cloudfront.net|d2jmp5j6kma5v6.cloudfront.net,1,OTA updates
356,d1s31zyz7dcc2d.cloudfront.prod.ota-cloudfront.net|d2jmp5j6kma5v6.cloudfront.net,1,OTA updates
357,d1s31zyz7dcc2d.cloudfront.prod.ota-cloudfront.net|d2jmp5j6kma5v6.cloudfront.net,1,OTA updates
358,d1s31zyz7dcc2d.cloudfront.prod.ota-cloudfront.net|d2jmp5j6kma5v6.cloudfront.net,1,OTA updates
359,d24hosivsxf1sb.cloudfront.net,1,151 duplicate
360,d24hosivsxf1sb.cloudfront.net,1,152 duplicate
361,d24hosivsxf1sb.cloudfront.net,1,153 duplicate
362,d24hosivsxf1sb.cloudfront.net,1,154 duplicate
363,d24hosivsxf1sb.cloudfront.net,1,155 duplicate
364,amazonadsi-a.akamaihd.net|amazonadsi-a.akamaihd.net.edgesuite.net|a1910.d.akamai.net,1,Amazon Advertising 
365,amazonadsi-a.akamaihd.net|amazonadsi-a.akamaihd.net.edgesuite.net|a1910.d.akamai.net,1,Amazon Advertising 
366,amazonadsi-a.akamaihd.net|amazonadsi-a.akamaihd.net.edgesuite.net|a1910.d.akamai.net,1,Amazon Advertising 
367,amazonadsi-a.akamaihd.net|amazonadsi-a.akamaihd.net.edgesuite.net|a1910.d.akamai.net,1,Amazon Advertising 
368,amazonadsi-a.akamaihd.net|amazonadsi-a.akamaihd.net.edgesuite.net|a1910.d.akamai.net,1,Amazon Advertising 
369,ktpx.amazon.com,1,Streaming Ecosystem
370,ktpx.amazon.com,1,Streaming Ecosystem
371,ktpx.amazon.com,1,Streaming Ecosystem
372,ktpx.amazon.com,1,Streaming Ecosystem
373,ktpx.amazon.com,1,Streaming Ecosystem
374,m.media-amazon.com|tp.c47710ee9-frontier.media-amazon.com|c.media-amazon.com,0,Amazon Media domains
375,m.media-amazon.com|tp.c47710ee9-frontier.media-amazon.com|c.media-amazon.com,0,Amazon Media domains
376,m.media-amazon.com|tp.c47710ee9-frontier.media-amazon.com|c.media-amazon.com,0,Amazon Media domains
377,m.media-amazon.com|tp.c47710ee9-frontier.media-amazon.com|c.media-amazon.com,0,Amazon Media domains
378,m.media-amazon.com|tp.c47710ee9-frontier.media-amazon.com|c.media-amazon.com,0,Amazon Media domains
379,house-fastly-signed-us-east-1-prod.brightcovecdn.com|dualstack.us-eu.brightcove.map.fastly.net,0,Brightcove video streaming 
380,house-fastly-signed-us-east-1-prod.brightcovecdn.com|dualstack.us-eu.brightcove.map.fastly.net,0,Brightcove video streaming 
381,house-fastly-signed-us-east-1-prod.brightcovecdn.com|dualstack.us-eu.brightcove.map.fastly.net,0,Brightcove video streaming 
382,house-fastly-signed-us-east-1-prod.brightcovecdn.com|dualstack.us-eu.brightcove.map.fastly.net,0,Brightcove video streaming 
383,house-fastly-signed-us-east-1-prod.brightcovecdn.com|dualstack.us-eu.brightcove.map.fastly.net,0,Brightcove video streaming 
384,manifest.prod.boltdns.net|dualstack.brightcove.map.fastly.net,0,Brightcove video streaming 
385,manifest.prod.boltdns.net|dualstack.brightcove.map.fastly.net,0,Brightcove video streaming 
386,manifest.prod.boltdns.net|dualstack.brightcove.map.fastly.net,0,Brightcove video streaming 
387,manifest.prod.boltdns.net|dualstack.brightcove.map.fastly.net,0,Brightcove video streaming 
388,manifest.prod.boltdns.net|dualstack.brightcove.map.fastly.net,0,Brightcove video streaming 
389,manifest.prod.boltdns.net|dualstack.brightcove.map.fastly.net,0,Brightcove video streaming 
390,cigars2.web.roku.com|d3o05sjhovkwsp.cloudfront.net,0,Roku
391,cigars2.web.roku.com|d3o05sjhovkwsp.cloudfront.net,0,Roku
392,cigars2.web.roku.com|d3o05sjhovkwsp.cloudfront.net,0,Roku
393,cigars2.web.roku.com|d3o05sjhovkwsp.cloudfront.net,0,Roku
394,cigars2.web.roku.com|d3o05sjhovkwsp.cloudfront.net,0,Roku
395,cigars2.web.roku.com|d3o05sjhovkwsp.cloudfront.net,0,Roku
396,cigars2.web.roku.com|d3o05sjhovkwsp.cloudfront.net,0,Roku
397,cigars2.web.roku.com|d3o05sjhovkwsp.cloudfront.net,0,Roku
398,cigars2.web.roku.com|d3o05sjhovkwsp.cloudfront.net,0,Roku
399,cigars2.web.roku.com|d3o05sjhovkwsp.cloudfront.net,0,Roku
400,cigars2.web.roku.com|d3o05sjhovkwsp.cloudfront.net,0,Roku
401,cigars2.web.roku.com|d3o05sjhovkwsp.cloudfront.net,0,Roku
402,cigars2.web.roku.com|d3o05sjhovkwsp.cloudfront.net,0,Roku
403,go.roku.com|d1nys4b1arxtct.cloudfront.net,0,Roku
404,go.roku.com|d1nys4b1arxtct.cloudfront.net,0,Roku
405,go.roku.com|d1nys4b1arxtct.cloudfront.net,0,Roku
406,go.roku.com|d1nys4b1arxtct.cloudfront.net,0,Roku
407,go.roku.com|d1nys4b1arxtct.cloudfront.net,0,Roku
408,cigars2.web.roku.com|d3o05sjhovkwsp.cloudfront.net,0,Roku
409,d24hosivsxf1sb.cloudfront.net,1,Cloudfront domain
410,d1s31zyz7dcc2d.cloudfront.prod.ota-cloudfront.net|d2jmp5j6kma5v6.cloudfront.net,1,Cloudfront distribution 
411,mas-ext.amazon.com,1,Broader streaming ecosystem
412,m.media-amazon.com|tp.c47710ee9-frontier.media-amazon.com|c.media-amazon.com,0,Amazon Media domains
413,ktpx.amazon.com,1,Amazon Ecosystem
414,sr-live-gen2.akamaized.net|a909.dscz.akamai.net,0,Live streaming content 
415,m.media-amazon.com|tp.c47710ee9-frontier.media-amazon.com|c.media-amazon.com,0,AMazon Media domains
416,mas-ext.amazon.com,1,Broader streaming ecosystem
417,d1s31zyz7dcc2d.cloudfront.prod.ota-cloudfront.net|d2jmp5j6kma5v6.cloudfront.net,1,Security certificates 
418,crl4.digicert.com|crl.edge.digicert.com|cac-ocsp.digicert.com.edgekey.net|e3913.cd.akamaiedge.net,1,Security infrastructure
419,i5.walmartimages.com|i5-cdn.walmartimages.com.akadns.net|i5.walmartimages.comv6.edgekey.net|e10798.dscx.akamaiedge.net,1,Waltmart images
420,assets.msn.com|assets-msn-com-world-default.trafficmanager.net|assets.msn.com.edgesuite.net|a233.dscd.akamai.net,1,General Asset delivery
421,cti.w55c.net|d2vm2ftdj5dnrv.cloudfront.net,1,Advertising
422,survey.securestudies.com|survey2.securestudies.com|d3kd3t5g0qp1xa.cloudfront.net,1,Survey realted
423,dgkpk32ny3olx.cloudfront.net,1,Cloudfront related
424,assets.msn.com|assets-msn-com-world-default.trafficmanager.net|assets.msn.com.edgesuite.net|a233.dscd.akamai.net,1,General Asset Delivery
425,ocsp.globalsign.com|global.prd.cdn.globalsign.com|prod.globalsign.map.fastly.net,1,Security certificates
426,d2n8y5qk0vgut7.cloudfront.net,1,Cloudfront related
427,websurvey5.opinionbar.com,1,Survey realted
428,sgh-cdn.playtika.com|akm-dsa-prod-pltk.edgesuite.net|a1935.dscb.akamai.net,1,Gaming related
429,d24hosivsxf1sb.cloudfront.net,1,Cloudfront related
430,d54or4x1qhv8g.cloudfront.net,1,Cloudfront related
431,d162b0n5gk85lh.cloudfront.net,1,Cloudfront related
432,ktpx.amazon.com,1,Amazon Ecosystem
433,d229kpbsb5jevy.cloudfront.net,1,Cloudfront related
434,d229kpbsb5jevy.cloudfront.net,1,Cloudfront related
435,sync-tm.everesttech.net|sync.tubemogul.com|syncf.tubemogul.com|h2.shared.global.fastly.net,1,Ad tech
436,static-us-east-2-fastly-a.www.philo.com|m2.philo.map.fastly.net,0,Philo
437,static-us-east-2-fastly-a.www.philo.com|m2.philo.map.fastly.net,0,Philo
438,static-us-east-2-fastly-a.www.philo.com|m2.philo.map.fastly.net,0,Philo
439,static-us-east-2-fastly-a.www.philo.com|m2.philo.map.fastly.net,0,Philo
440,static-us-east-2-fastly-a.www.philo.com|m2.philo.map.fastly.net,0,Philo
441,avatars.steamstatic.com|t.sni.global.fastly.net,1,User Avatars
442,m.media-amazon.com|tp.c47710ee9-frontier.media-amazon.com|a.media-amazon.com|a.media-amazon.com.akamaized.net|a1994.dscr.akamai.net,0,AMazon media domains
443,img.nbc.com|img.nbc.com.edgesuite.net|a1934.dscq.akamai.net,1,Images
444,m.media-amazon.com|tp.c47710ee9-frontier.media-amazon.com|f.media-amazon.com|media.amazon.map.fastly.net,0,AMazon media domains
445,d1s31zyz7dcc2d.cloudfront.prod.ota-cloudfront.net|d2jmp5j6kma5v6.cloudfront.net,1,Cloudfront domains
446,d1s31zyz7dcc2d.cloudfront.prod.ota-cloudfront.net|d2jmp5j6kma5v6.cloudfront.net,1,Cloudfront domains
447,d24hosivsxf1sb.cloudfront.net,1,Cloudfront domains
448,d1s31zyz7dcc2d.cloudfront.prod.ota-cloudfront.net|d2jmp5j6kma5v6.cloudfront.net,1,Cloudfront domains
449,m.media-amazon.com|tp.c47710ee9-frontier.media-amazon.com|c.media-amazon.com,0,Amazon media domain
450,d12f7y5s6kz9k2.cloudfront.net,1,Cloudfront domain
451,ktpx.amazon.com,1,Amazon Ecosystem
452,store-images.s-microsoft.com|store-images.s-microsoft.com-c.edgekey.net|e12564.dspb.akamaiedge.net,1,Microsoft cdn
453,replay-storage-x20na.easebar.com|replay-storage-x20na.easebar.com.akamaized.net|a1347.d.akamai.net,0,Possible yes
454,store-images.s-microsoft.com|store-images.s-microsoft.com-c.edgekey.net|e12564.dspb.akamaiedge.net,1,Microsoft cdn
455,collections.mp.microsoft.com|consumer-collections-aks2eap.md.mp.microsoft.com.akadns.net|collections-prod-frontdoor-geomap.trafficmanager.net|eus2-3.frontdoor.collections.commerce.microsoft.com,1,Microsoft cdn
456,store-images.s-microsoft.com|store-images.s-microsoft.com-c.edgekey.net|e12564.dspb.akamaiedge.net,1,Microsoft cdn
457,thumbnails.cbsig.net|paramountplus.map.fastly.net,0,Paramount+streaming
458,thumbnails.cbsig.net|paramountplus.map.fastly.net,0,Paramount+streaming
459,thumbnails.cbsig.net|paramountplus.map.fastly.net,0,Paramount+streaming
460,thumbnails.cbsig.net|paramountplus.map.fastly.net,0,Paramount+streaming
461,thumbnails.cbsig.net|paramountplus.map.fastly.net,0,Paramount+streaming
462,disney.images.edge.bamgrid.com|dmkux81prelwg.cloudfront.net,0,Disney+
463,disney.images.edge.bamgrid.com|dmkux81prelwg.cloudfront.net,0,Disney+
464,disney.images.edge.bamgrid.com|dmkux81prelwg.cloudfront.net,0,Disney+
465,disney.images.edge.bamgrid.com|dmkux81prelwg.cloudfront.net,0,Disney+
466,disney.images.edge.bamgrid.com|dmkux81prelwg.cloudfront.net,0,Disney+
467,wsls-live.gmg.io|d6oed5y7ad7td.cloudfront.net,0,Live streaming content
468,wsls-live.gmg.io|d6oed5y7ad7td.cloudfront.net,0,Live streaming content
469,wsls-live.gmg.io|d6oed5y7ad7td.cloudfront.net,0,Live streaming content
470,dev.virtualearth.net|fe-bmplatform-aks-atm.trafficmanager.net|mapsplatformafd-prod-amafg5e8b7e6f6ez.z01.azurefd.net|star-azurefd-prod.trafficmanager.net|shed.dual-low.s-part-0013.t-0009.t-msedge.net|s-part-0013.t-0009.t-msedge.net,1,Microsoft Bing
471,dev.virtualearth.net|fe-bmplatform-aks-atm.trafficmanager.net|mapsplatformafd-prod-amafg5e8b7e6f6ez.z01.azurefd.net|star-azurefd-prod.trafficmanager.net|shed.dual-low.s-part-0013.t-0009.t-msedge.net|s-part-0013.t-0009.t-msedge.net,1,Microsoft Bing
472,dev.virtualearth.net|fe-bmplatform-aks-atm.trafficmanager.net|mapsplatformafd-prod-amafg5e8b7e6f6ez.z01.azurefd.net|star-azurefd-prod.trafficmanager.net|shed.dual-low.s-part-0013.t-0009.t-msedge.net|s-part-0013.t-0009.t-msedge.net,1,Microsoft Bing
473,dev.virtualearth.net|fe-bmplatform-aks-atm.trafficmanager.net|mapsplatformafd-prod-amafg5e8b7e6f6ez.z01.azurefd.net|star-azurefd-prod.trafficmanager.net|shed.dual-low.s-part-0013.t-0009.t-msedge.net|s-part-0013.t-0009.t-msedge.net,1,Microsoft Bing
474,i5.walmartimages.com|i5-cdn.walmartimages.com.akadns.net|dualstack.walmart-nosni.map.fastly.net,1,Waltmart images
475,i5.walmartimages.com|i5-cdn.walmartimages.com.akadns.net|dualstack.walmart-nosni.map.fastly.net,1,Waltmart images
477,m.media-amazon.com|tp.c47710ee9-frontier.media-amazon.com|c.media-amazon.com,0,Amazon media domains
478,m.media-amazon.com|tp.c47710ee9-frontier.media-amazon.com|c.media-amazon.com,0,Amazon media domains
479,m.media-amazon.com|tp.c47710ee9-frontier.media-amazon.com|c.media-amazon.com,0,Amazon media domains
480,www.paypal.com|www.glb.paypal.com|paypal-dynamic.map.fastly.net,1,Paypal Services
481,www.paypal.com|www.glb.paypal.com|paypal-dynamic.map.fastly.net,1,Paypal Services
482,www.paypal.com|www.glb.paypal.com|paypal-dynamic.map.fastly.net,1,Paypal Services
483,www.paypal.com|www.glb.paypal.com|paypal-dynamic.map.fastly.net,1,Paypal Services
484,m.media-amazon.com|tp.c47710ee9-frontier.media-amazon.com|a.media-amazon.com|a.media-amazon.com.akamaized.net|a1994.dscr.akamai.net,0,Amazon media domain
485,m.media-amazon.com|tp.c47710ee9-frontier.media-amazon.com|a.media-amazon.com|a.media-amazon.com.akamaized.net|a1994.dscr.akamai.net,0,Amazon media domain
486,m.media-amazon.com|tp.c47710ee9-frontier.media-amazon.com|a.media-amazon.com|a.media-amazon.com.akamaized.net|a1994.dscr.akamai.net,0,Amazon media domain
487,m.media-amazon.com|tp.c47710ee9-frontier.media-amazon.com|c.media-amazon.com,0,Amazon media domain
488,cigars2.web.roku.com|d3o05sjhovkwsp.cloudfront.net,0,Roku
489,cigars2.web.roku.com|d3o05sjhovkwsp.cloudfront.net,0,Roku
490,cigars2.web.roku.com|d3o05sjhovkwsp.cloudfront.net,0,Roku
491,cigars2.web.roku.com|d3o05sjhovkwsp.cloudfront.net,0,Roku
492,cigars2.web.roku.com|d3o05sjhovkwsp.cloudfront.net,0,Roku
493,cigars2.web.roku.com|d3o05sjhovkwsp.cloudfront.net,0,Roku
494,cigars2.web.roku.com|d3o05sjhovkwsp.cloudfront.net,0,Roku
495,cigars2.web.roku.com|d3o05sjhovkwsp.cloudfront.net,0,Roku
496,cigars2.web.roku.com|d3o05sjhovkwsp.cloudfront.net,0,Roku
497,cigars2.web.roku.com|d3o05sjhovkwsp.cloudfront.net,0,Roku
498,cigars2.web.roku.com|d3o05sjhovkwsp.cloudfront.net,0,Roku
499,cigars2.web.roku.com|d3o05sjhovkwsp.cloudfront.net,0,Roku
500,cigars2.web.roku.com|d3o05sjhovkwsp.cloudfront.net,0,Roku
501,cigars2.web.roku.com|d3o05sjhovkwsp.cloudfront.net,0,Roku
502,prod.video.smartcasttv.com,0,Smart cast Tv
503,prod.video.smartcasttv.com,0,Smart cast Tv
504,prod.video.smartcasttv.com,0,Smart cast Tv
505,prod.video.smartcasttv.com,0,Smart cast Tv
506,prod.video.smartcasttv.com,0,Smart cast Tv
507,d1s31zyz7dcc2d.cloudfront.prod.ota-cloudfront.net|d2jmp5j6kma5v6.cloudfront.net,1,Cloudfront domain
508,d1s31zyz7dcc2d.cloudfront.prod.ota-cloudfront.net|d2jmp5j6kma5v6.cloudfront.net,1,Cloudfront domain
509,ktpx.amazon.com,1,Amazon Ecosystem
510,ktpx.amazon.com,1,Amazon Ecosystem
511,d1s31zyz7dcc2d.cloudfront.prod.ota-cloudfront.net|d2jmp5j6kma5v6.cloudfront.net,1,Cloudfront domain
512,store-images.s-microsoft.com|store-images.s-microsoft.com-c.edgekey.net|e12564.dspb.akamaiedge.net,1,Microsoft cdn
513,gdmf.apple.com|gdmf.v.aaplimg.com,1,Apple services 
514,secure.insightexpressai.com|global-wildcard.insightexpressai.com.edgekey.net|e7876.dscg.akamaiedge.net|user-att-23-113-64-0.e7876.dscg.akamaiedge.net,1,Analytics and market research
515,r2---sn-5ualdnlr.c.2mdn.net|r2.sn-5ualdnlr.c.2mdn.net,1,Google ad services
516,ipv6.msftconnecttest.com|ncsiv6-geo.trafficmanager.net|ipv6.msftconnecttest.com.edgesuite.net|a1968.i6g1.akamai.net,1,Microsoft network 
517,store-images.s-microsoft.com|store-images.s-microsoft.com-c.edgekey.net|e12564.dspb.akamaiedge.net,1,Microsoft cdn
518,ww25.soap2day.day,0,Soap2day
519,ww25.soap2day.day,0,Soap2day
520,ww25.soap2day.day,0,Soap2day
521,ww25.soap2day.day,0,Soap2day
522,ww25.soap2day.day,0,Soap2day
523,ww25.soap2day.day,0,Soap2day
524,radio-services.itunes.apple.com|radio.itunes.apple.com.edgekey.net|e673.dsce9.akamaiedge.net,1,Radio streaming
525,radio-services.itunes.apple.com|radio.itunes.apple.com.edgekey.net|e673.dsce9.akamaiedge.net,1,Radio streaming
526,radio-services.itunes.apple.com|radio.itunes.apple.com.edgekey.net|e673.dsce9.akamaiedge.net,1,Radio streaming
527,radio-services.itunes.apple.com|radio.itunes.apple.com.edgekey.net|e673.dsce9.akamaiedge.net,1,Radio streaming
528,tvpnlinupepgpus.samsungcloud.tv|d2xg3nsbx4ivwk.cloudfront.net,0,Samsung TV
529,tvpnlinupepgpus.samsungcloud.tv|d2xg3nsbx4ivwk.cloudfront.net,0,Samsung TV
530,tvpnlinupepgpus.samsungcloud.tv|d2xg3nsbx4ivwk.cloudfront.net,0,Samsung TV
531,tvpnlinupepgpus.samsungcloud.tv|d2xg3nsbx4ivwk.cloudfront.net,0,Samsung TV
532,tvpnlinupepgpus.samsungcloud.tv|d2xg3nsbx4ivwk.cloudfront.net,0,Samsung TV
533,cdn-stv.adgrx.com|cdn.ssl-delivery-network.com.edgekey.net|e3403.g.akamaiedge.net,1,Advertising tech 
534,ktpx.amazon.com,1,Amazon Ecosystem
535,m.media-amazon.com|tp.c47710ee9-frontier.media-amazon.com|c.media-amazon.com,0,Amazon media domain
536,ktpx.amazon.com,1,Amazon Ecosystem
537,m.media-amazon.com|tp.c47710ee9-frontier.media-amazon.com|c.media-amazon.com,0,Amazon media domain
538,statsapi.mlb.com|mlb.map.fastly.net,1,Sports digital services
539,tvpnlinupepgpus.samsungcloud.tv|d2xg3nsbx4ivwk.cloudfront.net,0,Samsung TV
540,tvpnlinupepgpus.samsungcloud.tv|d2xg3nsbx4ivwk.cloudfront.net,0,Samsung TV
541,tvpnlinupepgpus.samsungcloud.tv|d2xg3nsbx4ivwk.cloudfront.net,0,Samsung TV
542,tvpnlinupepgpus.samsungcloud.tv|d2xg3nsbx4ivwk.cloudfront.net,0,Samsung TV
543,tvpnlinupepgpus.samsungcloud.tv|d2xg3nsbx4ivwk.cloudfront.net,0,Samsung TV
544,store-images.s-microsoft.com|store-images.s-microsoft.com-c.edgekey.net|e12564.dspb.akamaiedge.net,1,Microsoft cdn
545,store-images.s-microsoft.com|store-images.s-microsoft.com-c.edgekey.net|e12564.dspb.akamaiedge.net,1,Microsoft cdn
546,store-images.s-microsoft.com|store-images.s-microsoft.com-c.edgekey.net|e12564.dspb.akamaiedge.net,1,Microsoft cdn
547,cdn-stv.adgrx.com|cdn.ssl-delivery-network.com.edgekey.net|e3403.g.akamaiedge.net,1,Advertising tech 
548,cdn-stv.adgrx.com|cdn.ssl-delivery-network.com.edgekey.net|e3403.g.akamaiedge.net,1,Advertising tech 
549,cdn-stv.adgrx.com|cdn.ssl-delivery-network.com.edgekey.net|e3403.g.akamaiedge.net,1,Advertising tech 
550,cdn-stv.adgrx.com|cdn.ssl-delivery-network.com.edgekey.net|e3403.g.akamaiedge.net,1,Advertising tech 
551,cdn1.futuretodayinc.com|t.sni.us-eu.fastly.net,0,Future Today
552,cdn1.futuretodayinc.com|t.sni.us-eu.fastly.net,0,Future Today
553,cdn1.futuretodayinc.com|t.sni.us-eu.fastly.net,0,Future Today
554,cdn1.futuretodayinc.com|t.sni.us-eu.fastly.net,0,Future Today
555,cdn1.futuretodayinc.com|t.sni.us-eu.fastly.net,0,Future Today
556,api.foxbusiness.com|api.foxbusiness.com.edgekey.net|e8979.dscj.akamaiedge.net,1,Fox Bussiness
557,api.foxbusiness.com|api.foxbusiness.com.edgekey.net|e8979.dscj.akamaiedge.net,1,Fox Bussiness
558,api.foxbusiness.com|api.foxbusiness.com.edgekey.net|e8979.dscj.akamaiedge.net,1,Fox Bussiness
559,api.foxbusiness.com|api.foxbusiness.com.edgekey.net|e8979.dscj.akamaiedge.net,1,Fox Bussiness
560,cdn1.futuretodayinc.com|t.sni.us-eu.fastly.net,0,Future Today
561,cdn1.futuretodayinc.com|t.sni.us-eu.fastly.net,0,Future Today
562,cdn1.futuretodayinc.com|t.sni.us-eu.fastly.net,0,Future Today
563,cdn1.futuretodayinc.com|t.sni.us-eu.fastly.net,0,Future Today
564,cdn1.futuretodayinc.com|t.sni.us-eu.fastly.net,0,Future Today
565,cdn1.extremereach.io|d33nmundg46g9e.cloudfront.net,1,Extreme reach ad platform 
566,cdn1.extremereach.io|d33nmundg46g9e.cloudfront.net,1,Extreme reach ad platform 
567,cdn1.extremereach.io|d33nmundg46g9e.cloudfront.net,1,Extreme reach ad platform 
568,cdn1.extremereach.io|d33nmundg46g9e.cloudfront.net,1,Extreme reach ad platform 
569,cdn1.extremereach.io|d33nmundg46g9e.cloudfront.net,1,Extreme reach ad platform 
570,cf-images.us-east-1.prod.boltdns.net|cf-images.us-east-1.prod-a.boltdns.net|dh29jf0q5erm3.cloudfront.net,0,Brightcove
571,cf-images.us-east-1.prod.boltdns.net|cf-images.us-east-1.prod-a.boltdns.net|dh29jf0q5erm3.cloudfront.net,0,Brightcove
572,cf-images.us-east-1.prod.boltdns.net|cf-images.us-east-1.prod-a.boltdns.net|dh29jf0q5erm3.cloudfront.net,0,Brightcove
573,cf-images.us-east-1.prod.boltdns.net|cf-images.us-east-1.prod-a.boltdns.net|dh29jf0q5erm3.cloudfront.net,0,Brightcove
574,cf-images.us-east-1.prod.boltdns.net|cf-images.us-east-1.prod-a.boltdns.net|dh29jf0q5erm3.cloudfront.net,0,Brightcove
575,dh6r264mmbh1h.cloudfront.net,1,Cloudfront domain
576,dh6r264mmbh1h.cloudfront.net,1,Cloudfront domain
577,dh6r264mmbh1h.cloudfront.net,1,Cloudfront domain
578,dh6r264mmbh1h.cloudfront.net,1,Cloudfront domain
579,dh6r264mmbh1h.cloudfront.net,1,Cloudfront domain
580,android.clients.google.com|android.l.google.com,1,Google services
581,android.clients.google.com|android.l.google.com,1,Google services
582,android.clients.google.com|android.l.google.com,1,Google services
583,android.clients.google.com|android.l.google.com,1,Google services
584,youtubei.googleapis.com,1,Youtube api
585,youtubei.googleapis.com,1,Youtube api
586,youtubei.googleapis.com,1,Youtube api
587,youtubei.googleapis.com,1,Youtube api
588,googleads.g.doubleclick.net,1,Google ads
589,googleads.g.doubleclick.net,1,Google ads
590,googleads.g.doubleclick.net,1,Google ads
591,googleads.g.doubleclick.net,1,Google ads
592,pangolin16.sgsnssdk.com|pangolin16.sgsnssdk.com.ttdns2.com|pangolin16.sgsnssdk.com.edgesuite.net|a2047.api10.akamai.net,1,Advertisng Domain
593,pangolin16.sgsnssdk.com|pangolin16.sgsnssdk.com.ttdns2.com|pangolin16.sgsnssdk.com.edgesuite.net|a2047.api10.akamai.net,1,Advertisng Domain
594,pangolin16.sgsnssdk.com|pangolin16.sgsnssdk.com.ttdns2.com|pangolin16.sgsnssdk.com.edgesuite.net|a2047.api10.akamai.net,1,Advertisng Domain
595,pangolin16.sgsnssdk.com|pangolin16.sgsnssdk.com.ttdns2.com|pangolin16.sgsnssdk.com.edgesuite.net|a2047.api10.akamai.net,1,Advertisng Domain
596,ei.rlcdn.com,1,Data connectivity domain
597,ei.rlcdn.com,1,Data connectivity domain
598,ei.rlcdn.com,1,Data connectivity domain
599,ei.rlcdn.com,1,Data connectivity domain
600,direct.adsrvr.org|usedirect.adsrvr.org,1,Trade desk Advertising domain
601,direct.adsrvr.org|usedirect.adsrvr.org,1,Trade desk Advertising domain
602,direct.adsrvr.org|usedirect.adsrvr.org,1,Trade desk Advertising domain
603,direct.adsrvr.org|usedirect.adsrvr.org,1,Trade desk Advertising domain
604,direct.adsrvr.org|usedirect.adsrvr.org,1,Trade desk Advertising domain
605,store-images.s-microsoft.com|store-images.s-microsoft.com-c.edgekey.net|e12564.dspb.akamaiedge.net,1,Microsoft cdn
606,cod-assets.cdn.callofduty.com|cod-assets.cdn.callofduty.com.edgesuite.net|a1991.dscv.akamai.net,1,Game domain
607,cod-assets.cdn.callofduty.com|cod-assets.cdn.callofduty.com.edgesuite.net|a1991.dscv.akamai.net,1,Game domain
608,cod-assets.cdn.callofduty.com|cod-assets.cdn.callofduty.com.edgesuite.net|a1991.dscv.akamai.net,1,Game domain
609,mask.icloud.com|mask.apple-dns.net,1,Apple services 
610,mask.icloud.com|mask.apple-dns.net,1,Apple services 
611,mask.icloud.com|mask.apple-dns.net,1,Apple services 
612,mask.icloud.com|mask.apple-dns.net,1,Apple services 
613,img-s-msn-com.akamaized.net|a1834.dscg2.akamai.net,1,Microsoft nsm 
614,img-s-msn-com.akamaized.net|a1834.dscg2.akamai.net,1,Microsoft nsm 
615,img-s-msn-com.akamaized.net|a1834.dscg2.akamai.net,1,Microsoft nsm 
616,img-s-msn-com.akamaized.net|a1834.dscg2.akamai.net,1,Microsoft nsm 
617,img-s-msn-com.akamaized.net|a1834.dscg2.akamai.net,1,Microsoft nsm 
618,i5.walmartimages.ca|i5-cdn.walmartimages.ca.akadns.net|e167221.x.akamaiedge.net,1,Waltmart canada image hosting
619,i5.walmartimages.ca|i5-cdn.walmartimages.ca.akadns.net|e167221.x.akamaiedge.net,1,Waltmart canada image hosting
620,i5.walmartimages.ca|i5-cdn.walmartimages.ca.akadns.net|e167221.x.akamaiedge.net,1,Waltmart canada image hosting
621,img-s-msn-com.akamaized.net|a1834.dscg2.akamai.net,1,Microsoft nsm 
622,i5.walmartimages.com|i5-cdn.walmartimages.com.akadns.net|i5.walmartimages.comv6.edgekey.net|e10798.dscx.akamaiedge.net,1,Walmart US image hosting
623,i5.walmartimages.com|i5-cdn.walmartimages.com.akadns.net|i5.walmartimages.comv6.edgekey.net|e10798.dscx.akamaiedge.net,1,Walmart US image hosting
624,i5.walmartimages.com|i5-cdn.walmartimages.com.akadns.net|i5.walmartimages.comv6.edgekey.net|e10798.dscx.akamaiedge.net,1,Walmart US image hosting
625,i5.walmartimages.com|i5-cdn.walmartimages.com.akadns.net|i5.walmartimages.comv6.edgekey.net|e10798.dscx.akamaiedge.net,1,Walmart US image hosting
626,static-tracking.klaviyo.com|klaviyo-app.map.fastly.net,1,Klaviyo analytics
627,images.vizio.com|d33yum4e2x0u8f.cloudfront.net,1,Vizio image hosting
628,aic-ngfts.lge.com|aic-ngfts.lge.com.edgekey.net|e6114.e21.akamaiedge.net,1,Lg service domain
629,d19rpgkrjeba2z.cloudfront.net,1,Generic cloudfront cdn 
630,d12pzxr4onfq1i.cloudfront.net,1,Generic cloudfront cdn 
631,d12pzxr4onfq1i.cloudfront.net,1,Generic cloudfront cdn 
632,ottcdn-a.localnowapi.com,0,Local now ott
633,ottcdn-a.localnowapi.com,0,Local now ott
634,ottcdn-a.localnowapi.com,0,Local now ott
635,ottcdn-a.localnowapi.com,0,Local now ott
636,ottcdn-a.localnowapi.com,0,Local now ott
637,ubiservices.cdn.ubi.com|wildcard.cdn.ubi.com.edgekey.net|e11196.g.akamaiedge.net,1,Video game domain
638,ubiservices.cdn.ubi.com|wildcard.cdn.ubi.com.edgekey.net|e11196.g.akamaiedge.net,1,Video game domain
639,ubiservices.cdn.ubi.com|wildcard.cdn.ubi.com.edgekey.net|e11196.g.akamaiedge.net,1,Video game domain
640,ubiservices.cdn.ubi.com|wildcard.cdn.ubi.com.edgekey.net|e11196.g.akamaiedge.net,1,Video game domain
641,cdn-stv.adgrx.com|cdn.ssl-delivery-network.com.edgekey.net|e3403.g.akamaiedge.net,1,Video game domain
642,m.media-amazon.com|tp.c47710ee9-frontier.media-amazon.com|c.media-amazon.com,0,Amazon media domain
643,m.media-amazon.com|tp.c47710ee9-frontier.media-amazon.com|a.media-amazon.com|a.media-amazon.com.akamaized.net|a1994.dscr.akamai.net,0,Amazon media domain
644,d28ws1vi9sggu8.cloudfront.net,1,Generic cloudfront cdn 
645,d28ws1vi9sggu8.cloudfront.net,1,Generic cloudfront cdn 
646,d28ws1vi9sggu8.cloudfront.net,1,Generic cloudfront cdn 
647,d2a45ul8pxjvk7.cloudfront.net,1,Generic cloudfront cdn 
648,d2a45ul8pxjvk7.cloudfront.net,1,Generic cloudfront cdn 
649,d2a45ul8pxjvk7.cloudfront.net,1,Generic cloudfront cdn 
650,d1s31zyz7dcc2d.cloudfront.prod.ota-cloudfront.net,1,Cloudfront domain
651,d1s31zyz7dcc2d.cloudfront.prod.ota-cloudfront.net|d2jmp5j6kma5v6.cloudfront.net,1,Cloudfront domain
652,webapi.radioedit.iheart.com|dualstack.iheartmedia.map.fastly.net,1,iheartRadio
653,m.media-amazon.com|tp.c47710ee9-frontier.media-amazon.com|c.media-amazon.com,0,Amazon media domain
654,ktpx.amazon.com,1,Amazon Ecosystem
655,d1s31zyz7dcc2d.cloudfront.prod.ota-cloudfront.net|d2jmp5j6kma5v6.cloudfront.net,1,Cloudfront domain
656,d11pgloqscsy1b.cloudfront.net,1,Generic cloudfront domain
657,static.adsafeprotected.com|d162h6x3rxav67.cloudfront.net,1,Ad safety and protecton domain
658,static.adsafeprotected.com|d162h6x3rxav67.cloudfront.net,1,Ad safety and protecton domain
659,static.adsafeprotected.com|d162h6x3rxav67.cloudfront.net,1,Ad safety and protecton domain
671,d1s31zyz7dcc2d.cloudfront.prod.ota-cloudfront.net|d2jmp5j6kma5v6.cloudfront.net,1,Cloudfront domain
672,d1s31zyz7dcc2d.cloudfront.prod.ota-cloudfront.net|d2jmp5j6kma5v6.cloudfront.net,1,Cloudfront domain
673,htv-streaming-otfp.hearst.io|hearst-hdm.map.fastly.net,0,Hearst broadcaster streaming
674,htv-streaming-otfp.hearst.io|hearst-hdm.map.fastly.net,0,Hearst broadcaster streaming
675,htv-streaming-otfp.hearst.io|hearst-hdm.map.fastly.net,0,Hearst broadcaster streaming
676,htv-streaming-otfp.hearst.io|hearst-hdm.map.fastly.net,0,Hearst broadcaster streaming
677,htv-streaming-otfp.hearst.io|hearst-hdm.map.fastly.net,0,Hearst broadcaster streaming
678,cf.mhcache.com|d33agewa96cmv3.cloudfront.net,1,Cloudfront domain
679,venom-assets.edmunds-media.com|wildcard.edmunds.com.edgekey.net|e36100.a.akamaiedge.net,1,Edmunds automative 
680,m.media-amazon.com|tp.c47710ee9-frontier.media-amazon.com|f.media-amazon.com|media.amazon.map.fastly.net,0,amazon media domain
681,d24hosivsxf1sb.cloudfront.net,1,Generic cloudfront domain
682,d1s31zyz7dcc2d.cloudfront.prod.ota-cloudfront.net|d2jmp5j6kma5v6.cloudfront.net,1,Generic cloudfront domain
683,d24hosivsxf1sb.cloudfront.net,1,Generic cloudfront domain
684,silver.xboxservices.com|xbet-afd-prod-hkc2bwaka7a8gfeq.z01.azurefd.net|star-azurefd-prod.trafficmanager.net|shed.dual-low.s-part-0012.t-0009.t-msedge.net|s-part-0012.t-0009.t-msedge.net,1,Video game Xbox
685,ktpx.amazon.com,1,Amazon Ecosystem
687,d7luqmstmj331.cloudfront.net,1,Cloudfront domain
688,s7mbrstream.scene7.com|wildcard-amd.scene7.com.edgesuite.net|a257.dscv.akamai.net,0,Scene7
689,s7mbrstream.scene7.com|wildcard-amd.scene7.com.edgesuite.net|a257.dscv.akamai.net,0,Scene7
690,s7mbrstream.scene7.com|wildcard-amd.scene7.com.edgesuite.net|a257.dscv.akamai.net,0,Scene7
691,s7mbrstream.scene7.com|wildcard-amd.scene7.com.edgesuite.net|a257.dscv.akamai.net,0,Scene7
692,ktpx.amazon.com,1,Amazon ecosystem
693,d28ws1vi9sggu8.cloudfront.net,1,Cloudfront domain
694,m.media-amazon.com|tp.c47710ee9-frontier.media-amazon.com|a.media-amazon.com|a.media-amazon.com.akamaized.net|a1994.dscr.akamai.net,0,Amazon media domain
695,d24hosivsxf1sb.cloudfront.net,1,Cloudfront domain
696,d24hosivsxf1sb.cloudfront.net,1,Cloudfront domain
697,m.media-amazon.com|tp.c47710ee9-frontier.media-amazon.com|c.media-amazon.com,0,Amazon media domain
698,m.media-amazon.com|tp.c47710ee9-frontier.media-amazon.com|f.media-amazon.com|media.amazon.map.fastly.net,0,Amazon media domain
699,m.media-amazon.com|tp.c47710ee9-frontier.media-amazon.com|f.media-amazon.com|media.amazon.map.fastly.net,0,Amazon media domain
700,audio-fa.scdn.co|region-eng-scdn.cdn-gslb.spotify.com|scdnco.spotify.map.fastly.net,1,Spotify audio 
701,d24hosivsxf1sb.cloudfront.net,1,Cloudfront domain
702,d28ws1vi9sggu8.cloudfront.net,1,Cloudfront domain
703,ktpx.amazon.com,1,Amazon Ecosytem
705,platform.twitter.com|platform.twitter.map.fastly.net,1,Twitter domain
706,secure.insightexpressai.com|global-wildcard.insightexpressai.com.edgekey.net|e7876.dscg.akamaiedge.net|user-att-99-169-248-0.e7876.dscg.akamaiedge.net,1,Data Collection
707,cdn.flashtalking.com|d3fxn7cse5tdjr.cloudfront.net,1,Ad tech domain
708,gdmf.apple.com|gdmf.v.aaplimg.com,1,Apple services
709,cdn-adn-https-new.mtgglobals.com|d1om9znyumzhxf.cloudfront.net,1,Ad tech domain
710,apptrailers.itunes.apple.com|apptrailers.itunes.g.aaplimg.com,1,Apple services
711,static.cdp-cdn.com|d1dew6nf6u25hp.cloudfront.net,1,Cloudfront domain
712,cdn-f.adsmoloco.com|global.moloco.map.fastly.net,1,Cloudfront domain
713,amp-api-edge-cdn-lb.itunes-apple.com.akadns.net|h3.apis.apple.map.fastly.net,1,Apple services
714,ocsp2-lb.apple.com.akadns.net|ocsp2.g.aaplimg.com,1,Apple security infra
715,is-ssl.mzstatic.com.itunes-apple.com.akadns.net|is-ssl-cdn.itunes-apple.com.akadns.net|h3.apis.apple.map.fastly.net,1,Apple cdn
716,gdmf.apple.com|gdmf.v.aaplimg.com,1,Apple services
717,metrics.icloud.com|me.apple-dns.net,1,Apple services
718,tp.47cf2c8c9-frontier.amazon.com|d3ag4hukkh62yn.cloudfront.net,1,Amazon cdn
719,m.media-amazon.com|tp.c47710ee9-frontier.media-amazon.com|c.media-amazon.com,0,Amazon media domain
720,cdn1.extremereach.io|d33nmundg46g9e.cloudfront.net,1,Extreme reach
721,aic-ngfts.lge.com|aic-ngfts.lge.com.edgekey.net|e6114.e21.akamaiedge.net,1,LG cdn
722,static.frequency.com,0,Frequency domain
723,ts.amazon-adsystem.com|d21t3ooy68jlh9.cloudfront.net,1,Advertising domains
724,ts.amazon-adsystem.com|d21t3ooy68jlh9.cloudfront.net,1,Advertising domains
725,rtd-tm.everesttech.net|rtd.tubemogul.com|h2.shared.global.fastly.net,1,Advertising domains
726,securepubads.g.doubleclick.net,1,Advertising domains
727,bacon.secure.dyn.riotcdn.net|cf.dyn.riotcdn.net.cdn.cloudflare.net,1,Gaming content riot 
728,catalog.roblox.com|titanium.roblox.com|edge-term4.roblox.com|edge-term4-atl1.roblox.com,1,Gaming content roblox
729,d1s31zyz7dcc2d.cloudfront.prod.ota-cloudfront.net|d2jmp5j6kma5v6.cloudfront.net,1,General cdn
730,d28ws1vi9sggu8.cloudfront.net,1,General cdn
731,d24hosivsxf1sb.cloudfront.net,1,General cdn
732,m.media-amazon.com,0,Amazon media domain
733,m.media-amazon.com,0,Amazon media domain
734,graph.facebook.com|star.c10r.facebook.com,1,Social media advertising
735,cdn-stv.adgrx.com|cdn.ssl-delivery-network.com.edgekey.net|e3403.g.akamaiedge.net,1,Advertising domains
736,tvpnlinupepgpus.samsungcloud.tv|d2xg3nsbx4ivwk.cloudfront.net,0,Samsung TV
737,store-images.s-microsoft.com|store-images.s-microsoft.com-c.edgekey.net|e12564.dspb.akamaiedge.net,1,Microsoft cdn
738,tvpnlogopus.samsungcloud.tv|d1hzq9ti566ru1.cloudfront.net,0,Samsung TV
739,dn6q4f0q0kh23.cloudfront.net,1,General cdn
740,d2ufudlfb4rsg4.cloudfront.net,1,General cdn
741,d2ufudlfb4rsg4.cloudfront.net,1,General cdn
742,d2ufudlfb4rsg4.cloudfront.net,1,General cdn
743,d6wyculpvlvh1.cloudfront.net,1,General cdn
744,d2ufudlfb4rsg4.cloudfront.net,1,General cdn
745,d2ufudlfb4rsg4.cloudfront.net,1,General cdn
746,i5.walmartimages.com|i5-cdn.walmartimages.com.akadns.net|i5.walmartimages.comv6.edgekey.net|e10798.dscx.akamaiedge.net,1,Waltmart images
747,tvpnlogopus.samsungcloud.tv|d1hzq9ti566ru1.cloudfront.net,0,Samsung tv 
748,tvpnlogopus.samsungcloud.tv|d1hzq9ti566ru1.cloudfront.net,0,Samsung tv 
749,tvpnlogopus.samsungcloud.tv|d1hzq9ti566ru1.cloudfront.net,0,Samsung tv 
750,tvpnlinupepgpus.samsungcloud.tv|d2xg3nsbx4ivwk.cloudfront.net,0,Samsung tv 
751,tvpnlinupepgpus.samsungcloud.tv|d2xg3nsbx4ivwk.cloudfront.net,0,Samsung tv 
752,d1oxlq5h9kq8q5.cloudfront.net,1,General cdn
753,tvpnlogopus.samsungcloud.tv|d1hzq9ti566ru1.cloudfront.net,0,Samsung tv
754,d1s31zyz7dcc2d.cloudfront.prod.ota-cloudfront.net|d2jmp5j6kma5v6.cloudfront.net,1,General cdn
755,mas-ext.amazon.com,1,Amazon general domain
756,secure.insightexpressai.com|global-wildcard.insightexpressai.com.edgekey.net|e7876.dscg.akamaiedge.net|user-att-107-217-128-0.e7876.dscg.akamaiedge.net,1,Analytics domain
757,s0.2mdn.net,1,Advertising domains
758,cdn-h5brisket-prod.pogospike.com|ea4.com.edgekey.net|e8688.g.akamaiedge.net|user-att-107-217-128-0.e8688.g.akamaiedge.net,1,Gaming domain
759,public-ubiservices.ubi.com|live-public.prod.external.gateway.ubiservices.ubi.com|useast1-public.aws-ubiservices.ubi.com,1,Gaming domain
760,overlay.cdn.ubisoft.com|uplay-next-overlay-prd.edgekey.net|e11195.d.akamaiedge.net,1,Gaming domain
761,m.media-amazon.com|tp.c47710ee9-frontier.media-amazon.com|a.media-amazon.com|a.media-amazon.com.akamaized.net|a1994.dscr.akamai.net,0,Amazon media domain
762,m.media-amazon.com|tp.c47710ee9-frontier.media-amazon.com|a.media-amazon.com|a.media-amazon.com.akamaized.net|a1994.dscr.akamai.net,0,Amazon media domain
763,m.media-amazon.com|tp.c47710ee9-frontier.media-amazon.com|a.media-amazon.com|a.media-amazon.com.akamaized.net|a1994.dscr.akamai.net,0,Amazon media domain
764,m.media-amazon.com|tp.c47710ee9-frontier.media-amazon.com|a.media-amazon.com|a.media-amazon.com.akamaized.net|a1994.dscr.akamai.net,0,Amazon media domain
765,m.media-amazon.com|tp.c47710ee9-frontier.media-amazon.com|a.media-amazon.com|a.media-amazon.com.akamaized.net|a1994.dscr.akamai.net,0,Amazon media domain
766,m.media-amazon.com|tp.c47710ee9-frontier.media-amazon.com|a.media-amazon.com|a.media-amazon.com.akamaized.net|a1994.dscr.akamai.net,0,Amazon media domain
767,m.media-amazon.com|tp.c47710ee9-frontier.media-amazon.com|a.media-amazon.com|a.media-amazon.com.akamaized.net|a1994.dscr.akamai.net,0,Amazon media domain
768,assets.nflxext.com,0,Netflix media
769,assets.nflxext.com,0,Netflix media
770,assets.nflxext.com,0,Netflix media
771,assets.nflxext.com,0,Netflix media
772,assets.nflxext.com,0,Netflix media
773,assets.nflxext.com,0,Netflix media
774,assets.nflxext.com,0,Netflix media
775,assets.nflxext.com,0,Netflix media
776,akaclimagevault.vudu.com|akaclimagevault.vudu.com.edgesuite.net|a1837.v.akamai.net,0,Vudu streaming services
777,akaclimagevault.vudu.com|akaclimagevault.vudu.com.edgesuite.net|a1837.v.akamai.net,0,Vudu streaming services
778,akaclimagevault.vudu.com|akaclimagevault.vudu.com.edgesuite.net|a1837.v.akamai.net,0,Vudu streaming services
779,akaclimagevault.vudu.com|akaclimagevault.vudu.com.edgesuite.net|a1837.v.akamai.net,0,Vudu streaming services
780,akaclimagevault.vudu.com|akaclimagevault.vudu.com.edgesuite.net|a1837.v.akamai.net,0,Vudu streaming services
781,akaclimagevault.vudu.com|akaclimagevault.vudu.com.edgesuite.net|a1837.v.akamai.net,0,Vudu streaming services
782,wsop-poker-live.wsop.playtika.com|akm-dsa-prod-pltk.edgesuite.net|a1935.dscb.akamai.net|user-att-23-125-88-0.a1935.dscb.akamai.net,1,Gaming content
783,assets.wsop.playtika.com|akm-dsa-prod-pltk.edgesuite.net|a1935.dscb.akamai.net|user-att-23-125-88-0.a1935.dscb.akamai.net,1,Gaming content
784,iosapps.itunes.apple.com|iosapps.itunes.g.aaplimg.com,1,Apple store 
785,amp.akamaized.net|a1869.dscb.akamai.net,1,General akamai cdn
786,gdmf.apple.com|gdmf.v.aaplimg.com,1,Apple cdn
787,qsearch-a.akamaihd.net|qsearch-a.akamaihd.net.edgesuite.net|a267.g.akamai.net,1,Search cdn
788,live.polaris.me|k.sni.global.fastly.net,1,General cdn
789,public-ubiservices.ubi.com|live-public.prod.external.gateway.ubiservices.ubi.com|useast1-public.aws-ubiservices.ubi.com,1,Gaming content
790,cod-assets.cdn.callofduty.com|cod-assets.cdn.callofduty.com.edgesuite.net|a1991.dscv.akamai.net,1,Gaming content
791,cod-assets.cdn.callofduty.com|cod-assets.cdn.callofduty.com.edgesuite.net|a1991.dscv.akamai.net,1,Gaming content
792,cod-assets.cdn.callofduty.com|cod-assets.cdn.callofduty.com.edgesuite.net|a1991.dscv.akamai.net,1,Gaming content
793,cod-assets.cdn.callofduty.com|cod-assets.cdn.callofduty.com.edgesuite.net|a1991.dscv.akamai.net,1,Gaming content
794,cod-assets.cdn.callofduty.com|cod-assets.cdn.callofduty.com.edgesuite.net|a1991.dscv.akamai.net,1,Gaming content
795,audio-ak.spotifycdn.com|audio-ak.spotifycdn.com.edgesuite.net|a297.dscc.akamai.net,1,Audio streaming
796,audio-ak.spotifycdn.com|audio-ak.spotifycdn.com.edgesuite.net|a297.dscc.akamai.net,1,Audio streaming
797,audio-ak.spotifycdn.com|audio-ak.spotifycdn.com.edgesuite.net|a297.dscc.akamai.net,1,Audio streaming
798,audio-ak.spotifycdn.com|audio-ak.spotifycdn.com.edgesuite.net|a297.dscc.akamai.net,1,Audio streaming
799,d1s31zyz7dcc2d.cloudfront.prod.ota-cloudfront.net|d2jmp5j6kma5v6.cloudfront.net,1,Cloudfront domain
800,2448424566.tapecontent.net,0,Video streaming content delivery
801,2448424566.tapecontent.net,0,Video streaming content delivery
802,2448424566.tapecontent.net,0,Video streaming content delivery
803,2448424566.tapecontent.net,0,Video streaming content delivery
804,2448424566.tapecontent.net,0,Video streaming content delivery
805,2448424566.tapecontent.net,0,Video streaming content delivery
806,2448424566.tapecontent.net,0,Video streaming content delivery
807,2448424566.tapecontent.net,0,Video streaming content delivery
808,cr-vod-weigel.akamaized.net,0,Weigel breadcasting domain
809,cr-vod-weigel.akamaized.net,0,Weigel breadcasting domain
810,cr-vod-weigel.akamaized.net,0,Weigel breadcasting domain
811,cr-vod-weigel.akamaized.net,0,Weigel breadcasting domain
812,cr-vod-weigel.akamaized.net,0,Weigel breadcasting domain
813,cr-vod-weigel.akamaized.net,0,Weigel breadcasting domain
814,cr-vod-weigel.akamaized.net,0,Weigel breadcasting domain
815,cr-vod-weigel.akamaized.net,0,Weigel breadcasting domain
816,cr-vod-weigel.akamaized.net,0,Weigel breadcasting domain
817,cr-vod-weigel.akamaized.net,0,Weigel breadcasting domain
818,cr-vod-weigel.akamaized.net,0,Weigel breadcasting domain
819,cr-vod-weigel.akamaized.net,0,Weigel breadcasting domain
820,vod.field59.com,0,Video on demand services
821,vod.field59.com,0,Video on demand services
822,vod.field59.com,0,Video on demand services
823,vod.field59.com,0,Video on demand services
824,vod.field59.com,0,Video on demand services
825,vod.field59.com,0,Video on demand services
826,vod.field59.com,0,Video on demand services
827,vod.field59.com,0,Video on demand services
828,vod.field59.com,0,Video on demand services
829,vod.field59.com,0,Video on demand services
830,vod.field59.com,0,Video on demand services
831,vod.field59.com,0,Video on demand services
832,vod.field59.com,0,Video on demand services
833,vod.field59.com,0,Video on demand services
834,vod.field59.com,0,Video on demand services
835,vod.field59.com,0,Video on demand services
836,vod.field59.com,0,Video on demand services
837,vod.field59.com,0,Video on demand services
838,vod.field59.com,0,Video on demand services
839,amg00627-banijay-amg00627c3-tcl-us-3399.playouts.now.amagi.tv,0,Amagi TV streaming
840,amg00627-banijay-amg00627c3-tcl-us-3399.playouts.now.amagi.tv,0,Amagi TV streaming
841,amg00627-banijay-amg00627c3-tcl-us-3399.playouts.now.amagi.tv,0,Amagi TV streaming
842,amg00627-banijay-amg00627c3-tcl-us-3399.playouts.now.amagi.tv,0,Amagi TV streaming
843,amg00627-banijay-amg00627c3-tcl-us-3399.playouts.now.amagi.tv,0,Amagi TV streaming
844,amg00627-banijay-amg00627c3-tcl-us-3399.playouts.now.amagi.tv,0,Amagi TV streaming
845,amg00627-banijay-amg00627c3-tcl-us-3399.playouts.now.amagi.tv,0,Amagi TV streaming
846,amg00627-banijay-amg00627c3-tcl-us-3399.playouts.now.amagi.tv,0,Amagi TV streaming
847,amg00627-banijay-amg00627c3-tcl-us-3399.playouts.now.amagi.tv,0,Amagi TV streaming
848,amg00627-banijay-amg00627c3-tcl-us-3399.playouts.now.amagi.tv,0,Amagi TV streaming
849,amg00627-banijay-amg00627c3-tcl-us-3399.playouts.now.amagi.tv,0,Amagi TV streaming
850,amg00627-banijay-amg00627c3-tcl-us-3399.playouts.now.amagi.tv,0,Amagi TV streaming
851,amg00627-banijay-amg00627c3-tcl-us-3399.playouts.now.amagi.tv,0,Amagi TV streaming
852,amg00627-banijay-amg00627c3-tcl-us-3399.playouts.now.amagi.tv,0,Amagi TV streaming
853,amg00627-banijay-amg00627c3-tcl-us-3399.playouts.now.amagi.tv,0,Amagi TV streaming
854,amg00627-banijay-amg00627c3-tcl-us-3399.playouts.now.amagi.tv,0,Amagi TV streaming
855,amg00627-banijay-amg00627c3-tcl-us-3399.playouts.now.amagi.tv,0,Amagi TV streaming
856,amg00627-banijay-amg00627c3-tcl-us-3399.playouts.now.amagi.tv,0,Amagi TV streaming
857,amg00627-banijay-amg00627c3-tcl-us-3399.playouts.now.amagi.tv,0,Amagi TV streaming
858,scripps-ion-2-us.tcltvplus.wurl.tv,0,Scripps/ion streaming
859,scripps-ion-2-us.tcltvplus.wurl.tv,0,Scripps/ion streaming
860,scripps-ion-2-us.tcltvplus.wurl.tv,0,Scripps/ion streaming
861,scripps-ion-2-us.tcltvplus.wurl.tv,0,Scripps/ion streaming
862,scripps-ion-2-us.tcltvplus.wurl.tv,0,Scripps/ion streaming
863,scripps-ion-2-us.tcltvplus.wurl.tv,0,Scripps/ion streaming
864,scripps-ion-2-us.tcltvplus.wurl.tv,0,Scripps/ion streaming
865,scripps-ion-2-us.tcltvplus.wurl.tv,0,Scripps/ion streaming
866,scripps-ion-2-us.tcltvplus.wurl.tv,0,Scripps/ion streaming
867,scripps-ion-2-us.tcltvplus.wurl.tv,0,Scripps/ion streaming
868,scripps-ion-2-us.tcltvplus.wurl.tv,0,Scripps/ion streaming
869,scripps-ion-2-us.tcltvplus.wurl.tv,0,Scripps/ion streaming
870,scripps-ion-2-us.tcltvplus.wurl.tv,0,Scripps/ion streaming
871,scripps-ion-2-us.tcltvplus.wurl.tv,0,Scripps/ion streaming
872,scripps-ion-2-us.tcltvplus.wurl.tv,0,Scripps/ion streaming
873,scripps-ion-2-us.tcltvplus.wurl.tv,0,Scripps/ion streaming
874,scripps-ion-2-us.tcltvplus.wurl.tv,0,Scripps/ion streaming
875,scripps-ion-2-us.tcltvplus.wurl.tv,0,Scripps/ion streaming
876,scripps-ion-2-us.tcltvplus.wurl.tv,0,Scripps/ion streaming
877,scripps-ion-2-us.tcltvplus.wurl.tv,0,Scripps/ion streaming
878,scripps-ion-2-us.tcltvplus.wurl.tv,0,Scripps/ion streaming
879,scripps-ion-2-us.tcltvplus.wurl.tv,0,Scripps/ion streaming
880,scripps-ion-2-us.tcltvplus.wurl.tv,0,Scripps/ion streaming
881,scripps-ion-2-us.tcltvplus.wurl.tv,0,Scripps/ion streaming
882,scripps-ion-2-us.tcltvplus.wurl.tv,0,Scripps/ion streaming
883,scripps-ion-2-us.tcltvplus.wurl.tv,0,Scripps/ion streaming
884,sr-live-ae.akamaized.net,0,Live streaming content
885,sr-live-ae.akamaized.net,0,Live streaming content
886,sr-live-ae.akamaized.net,0,Live streaming content
887,sr-live-ae.akamaized.net,0,Live streaming content
888,sr-live-ae.akamaized.net,0,Live streaming content
889,sr-live-ae.akamaized.net,0,Live streaming content
890,sr-live-ae.akamaized.net,0,Live streaming content
891,sr-live-ae.akamaized.net,0,Live streaming content
892,sr-live-ae.akamaized.net,0,Live streaming content
893,sr-live-ae.akamaized.net,0,Live streaming content
894,sr-live-ae.akamaized.net,0,Live streaming content
895,sr-live-ae.akamaized.net,0,Live streaming content
896,sr-live-ae.akamaized.net,0,Live streaming content
897,sr-live-ae.akamaized.net,0,Live streaming content
898,sr-live-ae.akamaized.net,0,Live streaming content
899,sr-live-ae.akamaized.net,0,Live streaming content
900,sr-live-insp2.akamaized.net,0,Live streaming content
901,sr-live-insp2.akamaized.net,0,Live streaming content
902,sr-live-insp2.akamaized.net,0,Live streaming content
903,sr-live-insp2.akamaized.net,0,Live streaming content
904,sr-live-insp2.akamaized.net,0,Live streaming content
905,sr-live-insp2.akamaized.net,0,Live streaming content
906,sr-live-insp2.akamaized.net,0,Live streaming content
907,sr-live-insp2.akamaized.net,0,Live streaming content
908,sr-live-insp2.akamaized.net,0,Live streaming content
909,sr-live-insp2.akamaized.net,0,Live streaming content
910,sr-live-insp2.akamaized.net,0,Live streaming content
911,sr-live-insp2.akamaized.net,0,Live streaming content
912,sr-live-insp2.akamaized.net,0,Live streaming content
913,sr-live-insp2.akamaized.net,0,Live streaming content
914,sr-live-insp2.akamaized.net,0,Live streaming content
915,sr-live-insp2.akamaized.net,0,Live streaming content
916,sr-live-insp2.akamaized.net,0,Live streaming content
917,sr-live-insp2.akamaized.net,0,Live streaming content
918,sr-live-insp2.akamaized.net,0,Live streaming content
919,sr-live-insp2.akamaized.net,0,Live streaming content
920,sr-live-insp2.akamaized.net,0,Live streaming content
921,sr-live-insp2.akamaized.net,0,Live streaming content
922,sr-live-insp2.akamaized.net,0,Live streaming content
923,sr-live-insp2.akamaized.net,0,Live streaming content
924,sr-live-insp2.akamaized.net,0,Live streaming content
925,sr-live-insp2.akamaized.net,0,Live streaming content
926,sr-live-insp2.akamaized.net,0,Live streaming content
927,sr-live-insp2.akamaized.net,0,Live streaming content
928,sr-live-insp2.akamaized.net,0,Live streaming content
929,sr-live-insp2.akamaized.net,0,Live streaming content
930,sr-vod-insp.akamaized.net,0,Video on demand services
931,sr-vod-insp.akamaized.net,0,Video on demand services
932,sr-vod-insp.akamaized.net,0,Video on demand services
933,sr-vod-insp.akamaized.net,0,Video on demand services
934,sr-vod-insp.akamaized.net,0,Video on demand services
935,sr-vod-insp.akamaized.net,0,Video on demand services
936,sr-vod-insp.akamaized.net,0,Video on demand services
937,sr-vod-insp.akamaized.net,0,Video on demand services
938,sr-vod-insp.akamaized.net,0,Video on demand services
939,sr-vod-insp.akamaized.net,0,Video on demand services
940,sr-vod-insp.akamaized.net,0,Video on demand services
941,sr-vod-insp.akamaized.net,0,Video on demand services
942,sr-vod-insp.akamaized.net,0,Video on demand services
943,sr-vod-insp.akamaized.net,0,Video on demand services
944,sr-vod-insp.akamaized.net,0,Video on demand services
945,sr-vod-insp.akamaized.net,0,Video on demand services
946,sr-vod-insp.akamaized.net,0,Video on demand services
947,sr-vod-insp.akamaized.net,0,Video on demand services
948,sr-vod-insp.akamaized.net,0,Video on demand services
949,sr-vod-insp.akamaized.net,0,Video on demand services
950,sr-vod-insp.akamaized.net,0,Video on demand services
951,sr-vod-insp.akamaized.net,0,Video on demand services
952,sr-vod-insp.akamaized.net,0,Video on demand services
953,sr-vod-insp.akamaized.net,0,Video on demand services
954,sr-vod-insp.akamaized.net,0,Video on demand services
955,sr-vod-insp.akamaized.net,0,Video on demand services
