Unnamed: 0,dnsdomains,status,reason,prediction
1,img-resize-cdn-prod.samsungnyc.com|img-resize-cdn-prod-green.samsungnyc.com|img-resize-cdn-prod.samsungnyc.com.cdn.cloudflare.net,1,cdn domain ,No
2,c03.s3.indeed.com|d3fw5vlhllyvee.cloudfront.net,1,Storage and cdn ,No
3,inbox.google.com,1,Google email service,No
4,rr5---sn-p5qs7nzy.gvt1.com|rr5.sn-p5qs7nzy.gvt1.com,1,cdn or video streaming infrastructure,Yes
5,tvpnlogopus.samsungcloud.tv|d1hzq9ti566ru1.cloudfront.net,0,First half yes second one not ,Yes
6,tvpnlogopus.samsungcloud.tv|d1hzq9ti566ru1.cloudfront.net,0,First half yes second one not ,Yes
7,tvpnlogopus.samsungcloud.tv|d1hzq9ti566ru1.cloudfront.net,0,First half yes second one not ,Yes
8,eaassets-a.akamaihd.net|eaassets-a.akamaihd.net.edgesuite.net|a743.g.akamai.net,1,Gaming content delivery,No
9,uef.np.dl.playstation.net|uef.np.dl.playstation.net.edgesuite.net|a1935.d.akamai.net,1,Gaming content delivery,No
10,eaassets-a.akamaihd.net|eaassets-a.akamaihd.net.edgesuite.net|a743.g.akamai.net,1,Gaming content delivery,No
11,eaassets-a.akamaihd.net|eaassets-a.akamaihd.net.edgesuite.net|a743.g.akamai.net,1,Gaming content delivery,No
12,eaassets-a.akamaihd.net|eaassets-a.akamaihd.net.edgesuite.net|a743.g.akamai.net,1,Gaming content delivery,No
13,eaassets-a.akamaihd.net|eaassets-a.akamaihd.net.edgesuite.net|a743.g.akamai.net,1,Gaming content delivery,No
14,eaassets-a.akamaihd.net|eaassets-a.akamaihd.net.edgesuite.net|a743.g.akamai.net,1,Gaming content delivery,No
15,eaassets-a.akamaihd.net|eaassets-a.akamaihd.net.edgesuite.net|a743.g.akamai.net,1,Gaming content delivery,No
21,tvpnlogopus.samsungcloud.tv|d1hzq9ti566ru1.cloudfront.net,0,Samsung tv,Yes
22,tvpnlogopus.samsungcloud.tv|d1hzq9ti566ru1.cloudfront.net,0,Samsung tv,Yes
23,tvpnlogopus.samsungcloud.tv|d1hzq9ti566ru1.cloudfront.net,0,Samsung tv,Yes
24,tvpnlogopus.samsungcloud.tv|d1hzq9ti566ru1.cloudfront.net,0,Samsung tv,Yes
25,tvpnlogopus.samsungcloud.tv|d1hzq9ti566ru1.cloudfront.net,0,Samsung tv,Yes
26,tvpnlinupepgpus.samsungcloud.tv|d2xg3nsbx4ivwk.cloudfront.net,0,Samsung tv second half no,Yes
27,tvpnlinupepgpus.samsungcloud.tv|d2xg3nsbx4ivwk.cloudfront.net,0,Samsung tv second half no,Yes
28,tvpnlinupepgpus.samsungcloud.tv|d2xg3nsbx4ivwk.cloudfront.net,0,Samsung tv second half no,Yes
29,tvpnlinupepgpus.samsungcloud.tv|d2xg3nsbx4ivwk.cloudfront.net,0,Samsung tv second half no,Yes
30,tvpnlinupepgpus.samsungcloud.tv|d2xg3nsbx4ivwk.cloudfront.net,0,Samsung tv second half no,Yes
31,cdn1.futuretodayinc.com|t.sni.us-eu.fastly.net,1,Video Streaming Platforms ,Yes
32,cdn1.futuretodayinc.com|t.sni.us-eu.fastly.net,1,Video Streaming Platforms ,Yes
33,cdn1.futuretodayinc.com|t.sni.us-eu.fastly.net,1,Video Streaming Platforms ,Yes
34,cdn1.futuretodayinc.com|t.sni.us-eu.fastly.net,1,Video Streaming Platforms ,Yes
35,tvpnlinupepgpus.samsungcloud.tv|d2xg3nsbx4ivwk.cloudfront.net,0,SamsungTv ,Yes
36,tvpnlogopus.samsungcloud.tv|d1hzq9ti566ru1.cloudfront.net,0,SamsungTv ,Yes
37,store-images.s-microsoft.com|store-images.s-microsoft.com-c.edgekey.net|e12564.dspb.akamaiedge.net|user-att-64-108-32-0.e12564.dspb.akamaiedge.net,1,Content delivery domains ,No
38,d1s31zyz7dcc2d.cloudfront.prod.ota-cloudfront.net|d2jmp5j6kma5v6.cloudfront.net,1,Content delivery domains ,No
39,d1s31zyz7dcc2d.cloudfront.prod.ota-cloudfront.net|d2jmp5j6kma5v6.cloudfront.net,1,Content delivery domains ,No
40,steamcommunity-a.akamaihd.net|steamcommunity-a.akamaihd.net.edgesuite.net|a1697.b.akamai.net,1,gaming content delivery,No
41,cdn-stv.adgrx.com|cdn.ssl-delivery-network.com.edgekey.net|e3403.g.akamaiedge.net,1,Ad technology domain,No
42,cod-assets.cdn.callofduty.com|cod-assets.cdn.callofduty.com.edgesuite.net|a1991.dscv.akamai.net,1,Game content delivery ,No
43,cod-assets.cdn.callofduty.com|cod-assets.cdn.callofduty.com.edgesuite.net|a1991.dscv.akamai.net,1,Game content delivery ,No
44,cod-assets.cdn.callofduty.com|cod-assets.cdn.callofduty.com.edgesuite.net|a1991.dscv.akamai.net,1,Game content delivery ,No
45,cod-assets.cdn.callofduty.com|cod-assets.cdn.callofduty.com.edgesuite.net|a1991.dscv.akamai.net,1,Game content delivery ,No
46,cod-assets.cdn.callofduty.com|cod-assets.cdn.callofduty.com.edgesuite.net|a1991.dscv.akamai.net,1,Game content delivery ,No
47,cod-assets.cdn.callofduty.com|cod-assets.cdn.callofduty.com.edgesuite.net|a1991.dscv.akamai.net,1,Game content delivery ,No
48,cod-assets.cdn.callofduty.com|cod-assets.cdn.callofduty.com.edgesuite.net|a1991.dscv.akamai.net,1,Game content delivery ,No
49,cod-assets.cdn.callofduty.com|cod-assets.cdn.callofduty.com.edgesuite.net|a1991.dscv.akamai.net,1,Game content delivery ,No
50,cod-assets.cdn.callofduty.com|cod-assets.cdn.callofduty.com.edgesuite.net|a1991.dscv.akamai.net,1,Game content delivery ,No
51,adsegments-prd-us-east-1.jwplayer.com,1,JW player add technology ,No
52,adsegments-prd-us-east-1.jwplayer.com,1,JW player add technology ,No
53,adsegments-prd-us-east-1.jwplayer.com,1,JW player add technology ,No
54,adsegments-prd-us-east-1.jwplayer.com,1,JW player add technology ,No
55,adsegments-prd-us-east-1.jwplayer.com,1,JW player add technology ,No
56,m.media-amazon.com|tp.c47710ee9-frontier.media-amazon.com|c.media-amazon.com,0,Amazons video content delivery ,Yes
57,m.media-amazon.com|tp.c47710ee9-frontier.media-amazon.com|c.media-amazon.com,0,Amazons video content delivery ,Yes
58,m.media-amazon.com|tp.c47710ee9-frontier.media-amazon.com|c.media-amazon.com,0,Amazons video content delivery ,Yes
59,m.media-amazon.com|tp.c47710ee9-frontier.media-amazon.com|c.media-amazon.com,0,Amazons video content delivery ,Yes
60,m.media-amazon.com|tp.c47710ee9-frontier.media-amazon.com|c.media-amazon.com,0,Amazons video content delivery ,Yes
61,replay-storage-x20na.easebar.com|replay-storage-x20na.easebar.com.akamaized.net|a1347.d.akamai.net|user-att-108-71-8-0.a1347.d.akamai.net,0,Akamai cdn domain,Yes
62,replay-storage-x20na.easebar.com|replay-storage-x20na.easebar.com.akamaized.net|a1347.d.akamai.net|user-att-108-71-8-0.a1347.d.akamai.net,0,Akamai cdn domain,Yes
63,replay-storage-x20na.easebar.com|replay-storage-x20na.easebar.com.akamaized.net|a1347.d.akamai.net|user-att-108-71-8-0.a1347.d.akamai.net,0,Akamai cdn domain,Yes
64,replay-storage-x20na.easebar.com|replay-storage-x20na.easebar.com.akamaized.net|a1347.d.akamai.net|user-att-108-71-8-0.a1347.d.akamai.net,0,Akamai cdn domain,Yes
65,replay-storage-x20na.easebar.com|replay-storage-x20na.easebar.com.akamaized.net|a1347.d.akamai.net|user-att-108-71-8-0.a1347.d.akamai.net,0,Akamai cdn domain,Yes
66,replay-storage-x20na.easebar.com|replay-storage-x20na.easebar.com.akamaized.net|a1347.d.akamai.net|user-att-108-71-8-0.a1347.d.akamai.net,0,Akamai cdn domain,Yes
67,replay-storage-x20na.easebar.com|replay-storage-x20na.easebar.com.akamaized.net|a1347.d.akamai.net|user-att-108-71-8-0.a1347.d.akamai.net,0,Akamai cdn domain,Yes
68,tvpnlinupepgpus.samsungcloud.tv|d2xg3nsbx4ivwk.cloudfront.net,0,Smasung Tv,Yes
69,tvpnlinupepgpus.samsungcloud.tv|d2xg3nsbx4ivwk.cloudfront.net,0,Smasung Tv,Yes
70,tvpnlinupepgpus.samsungcloud.tv|d2xg3nsbx4ivwk.cloudfront.net,0,Smasung Tv,Yes
71,tvpnlinupepgpus.samsungcloud.tv|d2xg3nsbx4ivwk.cloudfront.net,0,Smasung Tv,Yes
72,tvpnlinupepgpus.samsungcloud.tv|d2xg3nsbx4ivwk.cloudfront.net,0,Smasung Tv,Yes
73,cod-assets.cdn.callofduty.com|cod-assets.cdn.callofduty.com.edgesuite.net|a1991.dscv.akamai.net,1,gaming content delivery,No
74,cod-assets.cdn.callofduty.com|cod-assets.cdn.callofduty.com.edgesuite.net|a1991.dscv.akamai.net,1,gaming content delivery,No
75,prod.cdni.callofduty.com|prod.cdni.callofduty.com.edgesuite.net|a224.dscw27.akamai.net,1,gaming content delivery,No
76,prod.cdni.callofduty.com|prod.cdni.callofduty.com.edgesuite.net|a224.dscw27.akamai.net,1,gaming content delivery,No
77,prod.cdni.callofduty.com|prod.cdni.callofduty.com.edgesuite.net|a224.dscw27.akamai.net,1,gaming content delivery,No
78,prod.cdni.callofduty.com|prod.cdni.callofduty.com.edgesuite.net|a224.dscw27.akamai.net,1,gaming content delivery,No
79,cod-assets.cdn.callofduty.com|cod-assets.cdn.callofduty.com.edgesuite.net|a1991.dscv.akamai.net,1,gaming content delivery,No
80,cod-assets.cdn.callofduty.com|cod-assets.cdn.callofduty.com.edgesuite.net|a1991.dscv.akamai.net,1,gaming content delivery,No
81,cod-assets.cdn.callofduty.com|cod-assets.cdn.callofduty.com.edgesuite.net|a1991.dscv.akamai.net,1,gaming content delivery,No
82,cod-assets.cdn.callofduty.com|cod-assets.cdn.callofduty.com.edgesuite.net|a1991.dscv.akamai.net,1,gaming content delivery,No
83,cod-assets.cdn.callofduty.com|cod-assets.cdn.callofduty.com.edgesuite.net|a1991.dscv.akamai.net,1,gaming content delivery,No
84,cod-assets.cdn.callofduty.com|cod-assets.cdn.callofduty.com.edgesuite.net|a1991.dscv.akamai.net,1,gaming content delivery,No
85,cdn-stv.adgrx.com|cdn.ssl-delivery-network.com.edgekey.net|e3403.g.akamaiedge.net,1,Advertising technology,No
86,pi.ispot.tv|j.sni.global.fastly.net,1,Cdn related to tv and content  streaming ,No
87,pi.ispot.tv|j.sni.global.fastly.net,1,Cdn related to tv and content  streaming ,No
88,pi.ispot.tv|j.sni.global.fastly.net,1,Cdn related to tv and content  streaming ,No
89,pi.ispot.tv|j.sni.global.fastly.net,1,Cdn related to tv and content  streaming ,No
90,pi.ispot.tv|j.sni.global.fastly.net,1,Cdn related to tv and content  streaming ,No
91,mask-h2.icloud.com|mask.apple-dns.net,1,Apple's privacy and ,No
92,mask-h2.icloud.com|mask.apple-dns.net,1,Apple's privacy and ,No
93,mask-h2.icloud.com|mask.apple-dns.net,1,Apple's privacy and ,No
94,mask-h2.icloud.com|mask.apple-dns.net,1,Apple's privacy and ,No
95,mask-h2.icloud.com|mask.apple-dns.net,1,Apple's privacy and ,No
96,dwbaovfv9fmja.cloudfront.net,1,Advertising Analytics ,No
97,dwbaovfv9fmja.cloudfront.net,1,Advertising Analytics ,No
98,dwbaovfv9fmja.cloudfront.net,1,Advertising Analytics ,No
99,dwbaovfv9fmja.cloudfront.net,1,Advertising Analytics ,No
100,dwbaovfv9fmja.cloudfront.net,1,Advertising Analytics ,No
101,mask-h2.icloud.com|mask.apple-dns.net,1,Apple's privacy and ,No
102,media.ceros.com|media-s3-us-east-1.ceros.com|media-s3-us-east-1.ceros.com.cdn.cloudflare.net,1,Ceros for interactive content,No
103,media.ceros.com|media-s3-us-east-1.ceros.com|media-s3-us-east-1.ceros.com.cdn.cloudflare.net,1,Ceros for interactive content,No
104,media.ceros.com|media-s3-us-east-1.ceros.com|media-s3-us-east-1.ceros.com.cdn.cloudflare.net,1,Ceros for interactive content,No
105,media.ceros.com|media-s3-us-east-1.ceros.com|media-s3-us-east-1.ceros.com.cdn.cloudflare.net,1,Ceros for interactive content,No
106,media.ceros.com|media-s3-us-east-1.ceros.com|media-s3-us-east-1.ceros.com.cdn.cloudflare.net,1,Ceros for interactive content,No
107,d24hosivsxf1sb.cloudfront.net,1,Content delivery domains ,No
108,d24hosivsxf1sb.cloudfront.net,1,Content delivery domains ,No
109,d24hosivsxf1sb.cloudfront.net,1,Content delivery domains ,No
110,d24hosivsxf1sb.cloudfront.net,1,Content delivery domains ,No
111,d24hosivsxf1sb.cloudfront.net,1,Content delivery domains ,No
112,nmax2amzn.akamaized.net,0,Amazons video content delivery ,Yes
113,nmax2amzn.akamaized.net,0,Amazons video content delivery ,Yes
114,nmax2amzn.akamaized.net,0,Amazons video content delivery ,Yes
115,nmax2amzn.akamaized.net,0,Amazons video content delivery ,Yes
116,nmax2amzn.akamaized.net,0,Amazons video content delivery ,Yes
117,nmax2amzn.akamaized.net,0,Amazons video content delivery ,Yes
118,d1ehscoabrpnvb.cloudfront.net,1,Amazon Cloudfront cdn domain,No
119,d1ehscoabrpnvb.cloudfront.net,1,Amazon Cloudfront cdn domain,No
120,d1ehscoabrpnvb.cloudfront.net,1,Amazon Cloudfront cdn domain,No
121,d1ehscoabrpnvb.cloudfront.net,1,Amazon Cloudfront cdn domain,No
122,d1ehscoabrpnvb.cloudfront.net,1,Amazon Cloudfront cdn domain,No
123,d1ehscoabrpnvb.cloudfront.net,1,Amazon Cloudfront cdn domain,No
124,d33p4u4e8ptbu4.cloudfront.net,1,Amazon Cloudfront cdn domain,No
125,d33p4u4e8ptbu4.cloudfront.net,1,Amazon Cloudfront cdn domain,No
126,d33p4u4e8ptbu4.cloudfront.net,1,Amazon Cloudfront cdn domain,No
127,d33p4u4e8ptbu4.cloudfront.net,1,Amazon Cloudfront cdn domain,No
128,d33p4u4e8ptbu4.cloudfront.net,1,Amazon Cloudfront cdn domain,No
129,d33p4u4e8ptbu4.cloudfront.net,1,Amazon Cloudfront cdn domain,No
130,d1s31zyz7dcc2d.cloudfront.prod.ota-cloudfront.net|d2jmp5j6kma5v6.cloudfront.net,1,Amazon Cloudfront cdn domain,No
131,d1s31zyz7dcc2d.cloudfront.prod.ota-cloudfront.net|d2jmp5j6kma5v6.cloudfront.net,1,Amazon Cloudfront cdn domain,No
132,d1s31zyz7dcc2d.cloudfront.prod.ota-cloudfront.net|d2jmp5j6kma5v6.cloudfront.net,1,Amazon Cloudfront cdn domain,No
133,d24hosivsxf1sb.cloudfront.net,1,Amazon Cloudfront cdn domain,No
134,d24hosivsxf1sb.cloudfront.net,1,Amazon Cloudfront cdn domain,No
135,m.media-amazon.com|tp.c47710ee9-frontier.media-amazon.com|c.media-amazon.com,0,Amazon Media domain,Yes
136,m.media-amazon.com|tp.c47710ee9-frontier.media-amazon.com|c.media-amazon.com,0,Amazon Media domain,Yes
137,m.media-amazon.com|tp.c47710ee9-frontier.media-amazon.com|c.media-amazon.com,0,Amazon Media domain,Yes
138,m.media-amazon.com|tp.c47710ee9-frontier.media-amazon.com|c.media-amazon.com,0,Amazon Media domain,Yes
139,m.media-amazon.com|tp.c47710ee9-frontier.media-amazon.com|c.media-amazon.com,0,Amazon Media domain,Yes
140,d1s31zyz7dcc2d.cloudfront.prod.ota-cloudfront.net,1,Cloudfront Distribution,No
141,d1s31zyz7dcc2d.cloudfront.prod.ota-cloudfront.net,1,Cloudfront Distribution,No
142,d1s31zyz7dcc2d.cloudfront.prod.ota-cloudfront.net,1,Cloudfront Distribution,No
143,d1s31zyz7dcc2d.cloudfront.prod.ota-cloudfront.net,1,Cloudfront Distribution,No
144,seed-mix-image.spotifycdn.com|bob.cdn-gslb.spotify.com|tls13.spotifycdn.map.fastly.net,1,Spotify audio streaming,No
145,seed-mix-image.spotifycdn.com|bob.cdn-gslb.spotify.com|tls13.spotifycdn.map.fastly.net,1,Spotify audio streaming,No
146,seed-mix-image.spotifycdn.com|bob.cdn-gslb.spotify.com|tls13.spotifycdn.map.fastly.net,1,Spotify audio streaming,No
147,seed-mix-image.spotifycdn.com|bob.cdn-gslb.spotify.com|tls13.spotifycdn.map.fastly.net,1,Spotify audio streaming,No
148,seed-mix-image.spotifycdn.com|bob.cdn-gslb.spotify.com|tls13.spotifycdn.map.fastly.net,1,Spotify audio streaming,No
149,audio-ak.spotifycdn.com|audio-ak.spotifycdn.com.edgesuite.net|a297.dscc.akamai.net,1,Spotify audio streaming,No
150,uef.np.dl.playstation.net|uef.np.dl.playstation.net.edgesuite.net|a1935.d.akamai.net,1,Game content delivery ,No
151,uef.np.dl.playstation.net|uef.np.dl.playstation.net.edgesuite.net|a1935.d.akamai.net,1,Game content delivery ,No
152,uef.np.dl.playstation.net|uef.np.dl.playstation.net.edgesuite.net|a1935.d.akamai.net,1,Game content delivery ,No
153,uef.np.dl.playstation.net|uef.np.dl.playstation.net.edgesuite.net|a1935.d.akamai.net,1,Game content delivery ,No
154,uef.np.dl.playstation.net|uef.np.dl.playstation.net.edgesuite.net|a1935.d.akamai.net,1,Game content delivery ,No
155,uef.np.dl.playstation.net|uef.np.dl.playstation.net.edgesuite.net|a1935.d.akamai.net,1,Game content delivery ,No
156,audio-ak.spotifycdn.com|audio-ak.spotifycdn.com.edgesuite.net|a297.dscc.akamai.net,1,Spotify audio streaming,No
157,audio-ak.spotifycdn.com|audio-ak.spotifycdn.com.edgesuite.net|a297.dscc.akamai.net,1,Spotify audio streaming,No
158,audio-ak.spotifycdn.com|audio-ak.spotifycdn.com.edgesuite.net|a297.dscc.akamai.net,1,Spotify audio streaming,No
159,audio-ak.spotifycdn.com|audio-ak.spotifycdn.com.edgesuite.net|a297.dscc.akamai.net,1,Spotify audio streaming,No
160,audio-ak.spotifycdn.com|audio-ak.spotifycdn.com.edgesuite.net|a297.dscc.akamai.net,1,Spotify audio streaming,No
161,audio-ak.spotifycdn.com|audio-ak.spotifycdn.com.edgesuite.net|a297.dscc.akamai.net,1,Spotify audio streaming,No
162,audio-ak.spotifycdn.com|audio-ak.spotifycdn.com.edgesuite.net|a297.dscc.akamai.net,1,Spotify audio streaming,No
163,audio-ak.spotifycdn.com|audio-ak.spotifycdn.com.edgesuite.net|a297.dscc.akamai.net,1,Spotify audio streaming,No
164,audio-ak.spotifycdn.com|audio-ak.spotifycdn.com.edgesuite.net|a297.dscc.akamai.net,1,Spotify audio streaming,No
165,d24hosivsxf1sb.cloudfront.net,1,Cloudfront CDN domain,No
166,d24hosivsxf1sb.cloudfront.net,1,Cloudfront CDN domain,No
167,d24hosivsxf1sb.cloudfront.net,1,Cloudfront CDN domain,No
168,d24hosivsxf1sb.cloudfront.net,1,Cloudfront CDN domain,No
169,d24hosivsxf1sb.cloudfront.net,1,Cloudfront CDN domain,No
170,d24hosivsxf1sb.cloudfront.net,1,Cloudfront CDN domain,No
171,tvpnlinupepgpus.samsungcloud.tv|d2xg3nsbx4ivwk.cloudfront.net,0,Samsung TV plus,Yes
172,tvpnlinupepgpus.samsungcloud.tv|d2xg3nsbx4ivwk.cloudfront.net,0,Samsung TV plus,Yes
173,tvpnlinupepgpus.samsungcloud.tv|d2xg3nsbx4ivwk.cloudfront.net,0,Samsung TV plus,Yes
174,tvpnlinupepgpus.samsungcloud.tv|d2xg3nsbx4ivwk.cloudfront.net,0,Samsung TV plus,Yes
175,tvpnlinupepgpus.samsungcloud.tv|d2xg3nsbx4ivwk.cloudfront.net,0,Samsung TV plus,Yes
176,tvpnlinupepgpus.samsungcloud.tv|d2xg3nsbx4ivwk.cloudfront.net,0,Samsung TV plus,Yes
177,akamaistg.b-cdn.net,1,Content Delivery Network,No
178,akamaistg.b-cdn.net,1,Content Delivery Network,No
179,akamaistg.b-cdn.net,1,Content Delivery Network,No
180,akamaistg.b-cdn.net,1,Content Delivery Network,No
181,akamaistg.b-cdn.net,1,Content Delivery Network,No
182,akamaistg.b-cdn.net,1,Content Delivery Network,No
183,tvpnlogopus.samsungcloud.tv|d1hzq9ti566ru1.cloudfront.net,0,Samsung Tv plus,Yes
184,tvpnlogopus.samsungcloud.tv|d1hzq9ti566ru1.cloudfront.net,0,Samsung Tv plus,Yes
185,tvpnlogopus.samsungcloud.tv|d1hzq9ti566ru1.cloudfront.net,0,Samsung Tv plus,Yes
186,tvpnlogopus.samsungcloud.tv|d1hzq9ti566ru1.cloudfront.net,0,Samsung Tv plus,Yes
187,tvpnlogopus.samsungcloud.tv|d1hzq9ti566ru1.cloudfront.net,0,Samsung Tv plus,Yes
188,snap-news.mds.fidelity.com|snap-news.mds.fidelity.com.edgekey.net|e29432.a.akamaiedge.net,1,Fidelity Investments ,No
189,snap-news.mds.fidelity.com|snap-news.mds.fidelity.com.edgekey.net|e29432.a.akamaiedge.net,1,Fidelity Investments ,No
190,snap-news.mds.fidelity.com|snap-news.mds.fidelity.com.edgekey.net|e29432.a.akamaiedge.net,1,Fidelity Investments ,No
191,snap-news.mds.fidelity.com|snap-news.mds.fidelity.com.edgekey.net|e29432.a.akamaiedge.net,1,Fidelity Investments ,No
192,snap-news.mds.fidelity.com|snap-news.mds.fidelity.com.edgekey.net|e29432.a.akamaiedge.net,1,Fidelity Investments ,No
193,d-code.liadm.com|d26da0dx1ebj70.cloudfront.net,1,Advertising technology,No
194,d-code.liadm.com|d26da0dx1ebj70.cloudfront.net,1,Advertising technology,No
195,d-code.liadm.com|d26da0dx1ebj70.cloudfront.net,1,Advertising technology,No
196,d-code.liadm.com|d26da0dx1ebj70.cloudfront.net,1,Advertising technology,No
197,d-code.liadm.com|d26da0dx1ebj70.cloudfront.net,1,Advertising technology,No
198,app-measurement.com,1,Firebase,No
199,app-measurement.com,1,Firebase,No
200,app-measurement.com,1,Firebase,No
201,app-measurement.com,1,Firebase,No
202,app-measurement.com,1,Firebase,No
203,ss.phncdn.com|ss.phncdn.com.sds.rncdn7.com,0,Adult Content,No
204,ss.phncdn.com|ss.phncdn.com.sds.rncdn7.com,0,Adult Content,No
205,ss.phncdn.com|ss.phncdn.com.sds.rncdn7.com,0,Adult Content,No
206,ss.phncdn.com|ss.phncdn.com.sds.rncdn7.com,0,Adult Content,No
207,ss.phncdn.com|ss.phncdn.com.sds.rncdn7.com,0,Adult Content,No
208,ade.googlesyndication.com,1,Advertisng Technology,No
209,ade.googlesyndication.com,1,Advertisng Technology,No
210,ade.googlesyndication.com,1,Advertisng Technology,No
211,ade.googlesyndication.com,1,Advertisng Technology,No
212,gdmf.apple.com|gdmf.v.aaplimg.com,1,Apple Services ,No
213,gdmf.apple.com|gdmf.v.aaplimg.com,1,Apple Services ,No
214,gdmf.apple.com|gdmf.v.aaplimg.com,1,Apple Services ,No
215,gdmf.apple.com|gdmf.v.aaplimg.com,1,Apple Services ,No
216,gdmf.apple.com|gdmf.v.aaplimg.com,1,Apple Services ,No
217,d24hosivsxf1sb.cloudfront.net,1,Cloudfront Distribution,No
218,d24hosivsxf1sb.cloudfront.net,1,Cloudfront Distribution,No
219,d24hosivsxf1sb.cloudfront.net,1,Cloudfront Distribution,No
220,d24hosivsxf1sb.cloudfront.net,1,Cloudfront Distribution,No
221,d1s31zyz7dcc2d.cloudfront.prod.ota-cloudfront.net,1,Amazon Cloudfront cdn domain,No
222,d1s31zyz7dcc2d.cloudfront.prod.ota-cloudfront.net,1,Amazon Cloudfront cdn domain,No
223,d1s31zyz7dcc2d.cloudfront.prod.ota-cloudfront.net,1,Amazon Cloudfront cdn domain,No
224,d1s31zyz7dcc2d.cloudfront.prod.ota-cloudfront.net,1,Amazon Cloudfront cdn domain,No
225,d1s31zyz7dcc2d.cloudfront.prod.ota-cloudfront.net,1,Amazon Cloudfront cdn domain,No
226,amg01439-amg01439c1-amgplt0081.playout.now3.amagi.tv|dbx447uvqjk9v.cloudfront.net,1,Technical infrastructure for content ,Yes
227,amg01439-amg01439c1-amgplt0081.playout.now3.amagi.tv|dbx447uvqjk9v.cloudfront.net,1,Technical infrastructure for content ,Yes
228,amg01439-amg01439c1-amgplt0081.playout.now3.amagi.tv|dbx447uvqjk9v.cloudfront.net,1,Technical infrastructure for content ,Yes
229,amg01439-amg01439c1-amgplt0081.playout.now3.amagi.tv|dbx447uvqjk9v.cloudfront.net,1,Technical infrastructure for content ,Yes
230,statics.teams.cdn.live.net|tfl-staticscdn.trafficmanager.net|statics.teams.cdn.live.net.edgesuite.net|a1996.dscd.akamai.net,1,Microsoft CDN,No
231,statics.teams.cdn.live.net|tfl-staticscdn.trafficmanager.net|statics.teams.cdn.live.net.edgesuite.net|a1996.dscd.akamai.net,1,Microsoft CDN,No
232,statics.teams.cdn.live.net|tfl-staticscdn.trafficmanager.net|statics.teams.cdn.live.net.edgesuite.net|a1996.dscd.akamai.net,1,Microsoft CDN,No
233,statics.teams.cdn.live.net|tfl-staticscdn.trafficmanager.net|statics.teams.cdn.live.net.edgesuite.net|a1996.dscd.akamai.net,1,Microsoft CDN,No
234,statics.teams.cdn.live.net|tfl-staticscdn.trafficmanager.net|statics.teams.cdn.live.net.edgesuite.net|a1996.dscd.akamai.net,1,Microsoft CDN,No
235,d1s31zyz7dcc2d.cloudfront.prod.ota-cloudfront.net|d2jmp5j6kma5v6.cloudfront.net,1,Advertising content delivery,No
236,d1s31zyz7dcc2d.cloudfront.prod.ota-cloudfront.net|d2jmp5j6kma5v6.cloudfront.net,1,Advertising content delivery,No
237,d1s31zyz7dcc2d.cloudfront.prod.ota-cloudfront.net|d2jmp5j6kma5v6.cloudfront.net,1,Advertising content delivery,No
238,d1s31zyz7dcc2d.cloudfront.prod.ota-cloudfront.net|d2jmp5j6kma5v6.cloudfront.net,1,Advertising content delivery,No
239,d1s31zyz7dcc2d.cloudfront.prod.ota-cloudfront.net|d2jmp5j6kma5v6.cloudfront.net,1,Advertising content delivery,No
240,tvpnlogopus.samsungcloud.tv|d1hzq9ti566ru1.cloudfront.net,0,Samsung Tv plus,Yes
241,tvpnlogopus.samsungcloud.tv|d1hzq9ti566ru1.cloudfront.net,0,Samsung Tv plus,Yes
242,tvpnlogopus.samsungcloud.tv|d1hzq9ti566ru1.cloudfront.net,0,Samsung Tv plus,Yes
243,tvpnlogopus.samsungcloud.tv|d1hzq9ti566ru1.cloudfront.net,0,Samsung Tv plus,Yes
244,b.c2r.ts.cdn.office.net|office-b-net.trafficmanager.net|bg.microsoft.map.fastly.net,1,Microsoft CDN,No
245,b.c2r.ts.cdn.office.net|office-b-net.trafficmanager.net|bg.microsoft.map.fastly.net,1,Microsoft CDN,No
246,b.c2r.ts.cdn.office.net|office-b-net.trafficmanager.net|bg.microsoft.map.fastly.net,1,Microsoft CDN,No
247,b.c2r.ts.cdn.office.net|office-b-net.trafficmanager.net|bg.microsoft.map.fastly.net,1,Microsoft CDN,No
248,b.c2r.ts.cdn.office.net|office-b-net.trafficmanager.net|bg.microsoft.map.fastly.net,1,Microsoft CDN,No
249,s7mbrstream.scene7.com|wildcard-amd.scene7.com.edgesuite.net|a257.dscv.akamai.net|user-att-108-202-176-0.a257.dscv.akamai.net,1,Adobe Scene 7,Yes
250,s7mbrstream.scene7.com|wildcard-amd.scene7.com.edgesuite.net|a257.dscv.akamai.net|user-att-108-202-176-0.a257.dscv.akamai.net,1,Adobe Scene 8,Yes
251,s7mbrstream.scene7.com|wildcard-amd.scene7.com.edgesuite.net|a257.dscv.akamai.net|user-att-108-202-176-0.a257.dscv.akamai.net,1,Adobe Scene 9,Yes
252,s7mbrstream.scene7.com|wildcard-amd.scene7.com.edgesuite.net|a257.dscv.akamai.net|user-att-108-202-176-0.a257.dscv.akamai.net,1,Adobe Scene 10,Yes
253,ipv6.msftconnecttest.com|ncsiv6-geo.trafficmanager.net|ipv6.msftconnecttest.com.edgesuite.net|a1968.i6g1.akamai.net|user-att-108-202-176-0.a1968.i6g1.akamai.net,1,Network and Infrastructure connectivity,No
254,ipv6.msftconnecttest.com|ncsiv6-geo.trafficmanager.net|ipv6.msftconnecttest.com.edgesuite.net|a1968.i6g1.akamai.net|user-att-108-202-176-0.a1968.i6g1.akamai.net,1,Network and Infrastructure connectivity,No
255,ipv6.msftconnecttest.com|ncsiv6-geo.trafficmanager.net|ipv6.msftconnecttest.com.edgesuite.net|a1968.i6g1.akamai.net|user-att-108-202-176-0.a1968.i6g1.akamai.net,1,Network and Infrastructure connectivity,No
256,ipv6.msftconnecttest.com|ncsiv6-geo.trafficmanager.net|ipv6.msftconnecttest.com.edgesuite.net|a1968.i6g1.akamai.net|user-att-108-202-176-0.a1968.i6g1.akamai.net,1,Network and Infrastructure connectivity,No
257,ipv6.msftconnecttest.com|ncsiv6-geo.trafficmanager.net|ipv6.msftconnecttest.com.edgesuite.net|a1968.i6g1.akamai.net|user-att-108-202-176-0.a1968.i6g1.akamai.net,1,Network and Infrastructure connectivity,No
258,image.isu.pub|dualstack.m.sni.global.fastly.net,1,Digital Publishing and content delivery,No
259,image.isu.pub|dualstack.m.sni.global.fastly.net,1,Digital Publishing and content delivery,No
260,image.isu.pub|dualstack.m.sni.global.fastly.net,1,Digital Publishing and content delivery,No
261,image.isu.pub|dualstack.m.sni.global.fastly.net,1,Digital Publishing and content delivery,No
262,image.isu.pub|dualstack.m.sni.global.fastly.net,1,Digital Publishing and content delivery,No
263,reader3.isu.pub|dualstack.m.sni.global.fastly.net,1,Digital Publishing and content delivery,No
264,reader3.isu.pub|dualstack.m.sni.global.fastly.net,1,Digital Publishing and content delivery,No
265,reader3.isu.pub|dualstack.m.sni.global.fastly.net,1,Digital Publishing and content delivery,No
266,reader3.isu.pub|dualstack.m.sni.global.fastly.net,1,Digital Publishing and content delivery,No
267,reader3.isu.pub|dualstack.m.sni.global.fastly.net,1,Digital Publishing and content delivery,No
268,secure.entertimeonline.com,1,Entertainment cdn,No
269,secure.entertimeonline.com,1,Entertainment cdn,No
270,secure.entertimeonline.com,1,Entertainment cdn,No
271,secure.entertimeonline.com,1,Entertainment cdn,No
272,secure.entertimeonline.com,1,Entertainment cdn,No
273,d19rpgkrjeba2z.cloudfront.net,1,Cloudfront CDN domain,No
274,prod-mediate-events.applovin.com,1,Applovin mobile marketing,No
275,prod-mediate-events.applovin.com,1,Applovin mobile marketing,No
276,prod-mediate-events.applovin.com,1,Applovin mobile marketing,No
277,prod-mediate-events.applovin.com,1,Applovin mobile marketing,No
278,us-api.samsungpositioning.com|k8s-sp-newapius-b238b00e82-323463987.us-west-2.elb.amazonaws.com,1,Samsung positioning services ,No
279,us-api.samsungpositioning.com|k8s-sp-newapius-b238b00e82-323463987.us-west-2.elb.amazonaws.com,1,Samsung positioning services ,No
280,us-api.samsungpositioning.com|k8s-sp-newapius-b238b00e82-323463987.us-west-2.elb.amazonaws.com,1,Samsung positioning services ,No
281,us-api.samsungpositioning.com|k8s-sp-newapius-b238b00e82-323463987.us-west-2.elb.amazonaws.com,1,Samsung positioning services ,No
282,us-api.samsungpositioning.com|k8s-sp-newapius-b238b00e82-323463987.us-west-2.elb.amazonaws.com,1,Samsung positioning services ,No
283,armor.ltwebstatic.com|armor.ltwebstatic.com.edgekey.net|e353850.f.akamaiedge.net,1,General web content ,No
284,armor.ltwebstatic.com|armor.ltwebstatic.com.edgekey.net|e353850.f.akamaiedge.net,1,General web content ,No
285,armor.ltwebstatic.com|armor.ltwebstatic.com.edgekey.net|e353850.f.akamaiedge.net,1,General web content ,No
286,armor.ltwebstatic.com|armor.ltwebstatic.com.edgekey.net|e353850.f.akamaiedge.net,1,General web content ,No
287,armor.ltwebstatic.com|armor.ltwebstatic.com.edgekey.net|e353850.f.akamaiedge.net,1,General web content ,No
288,armor.ltwebstatic.com|armor.ltwebstatic.com.edgekey.net|e353850.f.akamaiedge.net,1,General web content ,No
289,api.samsungcloud.com|scloud-p2uw2-ext.elb.samsungcloud.com,1,Smasung cloud services,No
290,api.samsungcloud.com|scloud-p2uw2-ext.elb.samsungcloud.com,1,Smasung cloud services,No
291,api.samsungcloud.com|scloud-p2uw2-ext.elb.samsungcloud.com,1,Smasung cloud services,No
292,engagements.appsflyer.com,1,Appsflyer mobile marketing ,No
293,engagements.appsflyer.com,1,Appsflyer mobile marketing ,No
294,engagements.appsflyer.com,1,Appsflyer mobile marketing ,No
295,engagements.appsflyer.com,1,Appsflyer mobile marketing ,No
296,videos-cloudfront-usp.jwpsrv.com|d34azmi6bxg5fz.cloudfront.net,0,JW player ,Yes
297,videos-cloudfront-usp.jwpsrv.com|d34azmi6bxg5fz.cloudfront.net,0,JW player ,Yes
298,videos-cloudfront-usp.jwpsrv.com|d34azmi6bxg5fz.cloudfront.net,0,JW player ,Yes
299,videos-cloudfront-usp.jwpsrv.com|d34azmi6bxg5fz.cloudfront.net,0,JW player ,Yes
300,videos-cloudfront-usp.jwpsrv.com|d34azmi6bxg5fz.cloudfront.net,0,JW player ,Yes
301,videos-cloudfront-usp.jwpsrv.com|d34azmi6bxg5fz.cloudfront.net,0,JW player ,Yes
302,dd6zx4ibq538k.cloudfront.net,1,Cloudfront CDN domain,No
303,dd6zx4ibq538k.cloudfront.net,1,Cloudfront CDN domain,No
304,dd6zx4ibq538k.cloudfront.net,1,Cloudfront CDN domain,No
305,cdn.jwplayer.com,0,JwPlayer,Yes
306,cdn.jwplayer.com,0,JwPlayer,Yes
307,cdn.jwplayer.com,0,JwPlayer,Yes
308,cdn.jwplayer.com,0,JwPlayer,Yes
309,cdn.jwplayer.com,0,JwPlayer,Yes
310,dn6q4f0q0kh23.cloudfront.net,1,General web content ,No
311,d2ufudlfb4rsg4.cloudfront.net,1,General web content ,No
312,d2ufudlfb4rsg4.cloudfront.net,1,General web content ,No
313,d2ufudlfb4rsg4.cloudfront.net,1,General web content ,No
314,d2ufudlfb4rsg4.cloudfront.net,1,General web content ,No
315,d2ufudlfb4rsg4.cloudfront.net,1,General web content ,No
316,d2ufudlfb4rsg4.cloudfront.net,1,General web content ,No
317,d2ufudlfb4rsg4.cloudfront.net,1,General web content ,No
318,d2ufudlfb4rsg4.cloudfront.net,1,General web content ,No
319,d2ufudlfb4rsg4.cloudfront.net,1,General web content ,No
320,d6wyculpvlvh1.cloudfront.net,1,General web content ,No
321,d2ufudlfb4rsg4.cloudfront.net,1,General web content ,No
322,d2ufudlfb4rsg4.cloudfront.net,1,General web content ,No
323,d2ufudlfb4rsg4.cloudfront.net,1,General web content ,No
324,d2ufudlfb4rsg4.cloudfront.net,1,General web content ,No
325,d2ufudlfb4rsg4.cloudfront.net,1,General web content ,No
326,d2ufudlfb4rsg4.cloudfront.net,1,General web content ,No
327,d2ufudlfb4rsg4.cloudfront.net,1,General web content ,No
328,d6wyculpvlvh1.cloudfront.net,1,General web content ,No
329,d6wyculpvlvh1.cloudfront.net,1,General web content ,No
330,d2ufudlfb4rsg4.cloudfront.net,1,General web content ,No
331,d2ufudlfb4rsg4.cloudfront.net,1,General web content ,No
332,d2ufudlfb4rsg4.cloudfront.net,1,General web content ,No
333,d2ufudlfb4rsg4.cloudfront.net,1,General web content ,No
334,d2ufudlfb4rsg4.cloudfront.net,1,General web content ,No
335,d2ufudlfb4rsg4.cloudfront.net,1,General web content ,No
336,d2ufudlfb4rsg4.cloudfront.net,1,General web content ,No
337,d2ufudlfb4rsg4.cloudfront.net,1,General web content ,No
338,d2ufudlfb4rsg4.cloudfront.net,1,General web content ,No
339,d2ufudlfb4rsg4.cloudfront.net,1,General web content ,No
340,d2ufudlfb4rsg4.cloudfront.net,1,General web content ,No
341,tvpnlinupepgpus.samsungcloud.tv|d2xg3nsbx4ivwk.cloudfront.net,0,Samsung smart tv,Yes
342,tvpnlinupepgpus.samsungcloud.tv|d2xg3nsbx4ivwk.cloudfront.net,0,Samsung smart tv,Yes
343,tvpnlinupepgpus.samsungcloud.tv|d2xg3nsbx4ivwk.cloudfront.net,0,Samsung smart tv,Yes
344,tvpnlinupepgpus.samsungcloud.tv|d2xg3nsbx4ivwk.cloudfront.net,0,Samsung smart tv,Yes
345,ocsp2.apple.com|ocsp2-lb.apple.com.akadns.net|ocsp2.g.aaplimg.com,1,Apple Services ,No
346,ocsp2.apple.com|ocsp2-lb.apple.com.akadns.net|ocsp2.g.aaplimg.com,1,Apple Services ,No
347,ocsp2.apple.com|ocsp2-lb.apple.com.akadns.net|ocsp2.g.aaplimg.com,1,Apple Services ,No
348,ocsp2.apple.com|ocsp2-lb.apple.com.akadns.net|ocsp2.g.aaplimg.com,1,Apple Services ,No
349,ocsp2.apple.com|ocsp2-lb.apple.com.akadns.net|ocsp2.g.aaplimg.com,1,Apple Services ,No
350,amazonadsi-a.akamaihd.net,1,Amazon Advertising ,No
351,amazonadsi-a.akamaihd.net,1,Amazon Advertising ,No
352,amazonadsi-a.akamaihd.net,1,Amazon Advertising ,No
353,amazonadsi-a.akamaihd.net,1,Amazon Advertising ,No
354,d24hosivsxf1sb.cloudfront.net,1,Genric Cloudfront cdn ,No
355,d1s31zyz7dcc2d.cloudfront.prod.ota-cloudfront.net|d2jmp5j6kma5v6.cloudfront.net,1,OTA updates,No
356,d1s31zyz7dcc2d.cloudfront.prod.ota-cloudfront.net|d2jmp5j6kma5v6.cloudfront.net,1,OTA updates,No
357,d1s31zyz7dcc2d.cloudfront.prod.ota-cloudfront.net|d2jmp5j6kma5v6.cloudfront.net,1,OTA updates,No
358,d1s31zyz7dcc2d.cloudfront.prod.ota-cloudfront.net|d2jmp5j6kma5v6.cloudfront.net,1,OTA updates,No
359,d24hosivsxf1sb.cloudfront.net,1,151 duplicate,No
360,d24hosivsxf1sb.cloudfront.net,1,152 duplicate,No
361,d24hosivsxf1sb.cloudfront.net,1,153 duplicate,No
362,d24hosivsxf1sb.cloudfront.net,1,154 duplicate,No
363,d24hosivsxf1sb.cloudfront.net,1,155 duplicate,No
364,amazonadsi-a.akamaihd.net|amazonadsi-a.akamaihd.net.edgesuite.net|a1910.d.akamai.net,1,Amazon Advertising ,No
365,amazonadsi-a.akamaihd.net|amazonadsi-a.akamaihd.net.edgesuite.net|a1910.d.akamai.net,1,Amazon Advertising ,No
366,amazonadsi-a.akamaihd.net|amazonadsi-a.akamaihd.net.edgesuite.net|a1910.d.akamai.net,1,Amazon Advertising ,No
367,amazonadsi-a.akamaihd.net|amazonadsi-a.akamaihd.net.edgesuite.net|a1910.d.akamai.net,1,Amazon Advertising ,No
368,amazonadsi-a.akamaihd.net|amazonadsi-a.akamaihd.net.edgesuite.net|a1910.d.akamai.net,1,Amazon Advertising ,No
369,ktpx.amazon.com,1,Streaming Ecosystem,No
370,ktpx.amazon.com,1,Streaming Ecosystem,No
371,ktpx.amazon.com,1,Streaming Ecosystem,No
372,ktpx.amazon.com,1,Streaming Ecosystem,No
373,ktpx.amazon.com,1,Streaming Ecosystem,No
374,m.media-amazon.com|tp.c47710ee9-frontier.media-amazon.com|c.media-amazon.com,0,Amazon Media domains,Yes
375,m.media-amazon.com|tp.c47710ee9-frontier.media-amazon.com|c.media-amazon.com,0,Amazon Media domains,Yes
376,m.media-amazon.com|tp.c47710ee9-frontier.media-amazon.com|c.media-amazon.com,0,Amazon Media domains,Yes
377,m.media-amazon.com|tp.c47710ee9-frontier.media-amazon.com|c.media-amazon.com,0,Amazon Media domains,Yes
378,m.media-amazon.com|tp.c47710ee9-frontier.media-amazon.com|c.media-amazon.com,0,Amazon Media domains,Yes
379,house-fastly-signed-us-east-1-prod.brightcovecdn.com|dualstack.us-eu.brightcove.map.fastly.net,0,Brightcove video streaming ,Yes
380,house-fastly-signed-us-east-1-prod.brightcovecdn.com|dualstack.us-eu.brightcove.map.fastly.net,0,Brightcove video streaming ,Yes
381,house-fastly-signed-us-east-1-prod.brightcovecdn.com|dualstack.us-eu.brightcove.map.fastly.net,0,Brightcove video streaming ,Yes
382,house-fastly-signed-us-east-1-prod.brightcovecdn.com|dualstack.us-eu.brightcove.map.fastly.net,0,Brightcove video streaming ,Yes
383,house-fastly-signed-us-east-1-prod.brightcovecdn.com|dualstack.us-eu.brightcove.map.fastly.net,0,Brightcove video streaming ,Yes
384,manifest.prod.boltdns.net|dualstack.brightcove.map.fastly.net,0,Brightcove video streaming ,No
385,manifest.prod.boltdns.net|dualstack.brightcove.map.fastly.net,0,Brightcove video streaming ,No
386,manifest.prod.boltdns.net|dualstack.brightcove.map.fastly.net,0,Brightcove video streaming ,No
387,manifest.prod.boltdns.net|dualstack.brightcove.map.fastly.net,0,Brightcove video streaming ,No
388,manifest.prod.boltdns.net|dualstack.brightcove.map.fastly.net,0,Brightcove video streaming ,No
389,manifest.prod.boltdns.net|dualstack.brightcove.map.fastly.net,0,Brightcove video streaming ,No
390,cigars2.web.roku.com|d3o05sjhovkwsp.cloudfront.net,0,Roku,Yes
391,cigars2.web.roku.com|d3o05sjhovkwsp.cloudfront.net,0,Roku,Yes
392,cigars2.web.roku.com|d3o05sjhovkwsp.cloudfront.net,0,Roku,Yes
393,cigars2.web.roku.com|d3o05sjhovkwsp.cloudfront.net,0,Roku,Yes
394,cigars2.web.roku.com|d3o05sjhovkwsp.cloudfront.net,0,Roku,Yes
395,cigars2.web.roku.com|d3o05sjhovkwsp.cloudfront.net,0,Roku,Yes
396,cigars2.web.roku.com|d3o05sjhovkwsp.cloudfront.net,0,Roku,Yes
397,cigars2.web.roku.com|d3o05sjhovkwsp.cloudfront.net,0,Roku,Yes
398,cigars2.web.roku.com|d3o05sjhovkwsp.cloudfront.net,0,Roku,Yes
399,cigars2.web.roku.com|d3o05sjhovkwsp.cloudfront.net,0,Roku,Yes
400,cigars2.web.roku.com|d3o05sjhovkwsp.cloudfront.net,0,Roku,Yes
401,cigars2.web.roku.com|d3o05sjhovkwsp.cloudfront.net,0,Roku,Yes
402,cigars2.web.roku.com|d3o05sjhovkwsp.cloudfront.net,0,Roku,Yes
403,go.roku.com|d1nys4b1arxtct.cloudfront.net,0,Roku,No
404,go.roku.com|d1nys4b1arxtct.cloudfront.net,0,Roku,No
405,go.roku.com|d1nys4b1arxtct.cloudfront.net,0,Roku,No
406,go.roku.com|d1nys4b1arxtct.cloudfront.net,0,Roku,No
407,go.roku.com|d1nys4b1arxtct.cloudfront.net,0,Roku,No
408,cigars2.web.roku.com|d3o05sjhovkwsp.cloudfront.net,0,Roku,Yes
409,d24hosivsxf1sb.cloudfront.net,1,Cloudfront domain,No
410,d1s31zyz7dcc2d.cloudfront.prod.ota-cloudfront.net|d2jmp5j6kma5v6.cloudfront.net,1,Cloudfront distribution ,No
411,mas-ext.amazon.com,1,Broader streaming ecosystem,No
412,m.media-amazon.com|tp.c47710ee9-frontier.media-amazon.com|c.media-amazon.com,0,Amazon Media domains,Yes
413,ktpx.amazon.com,1,Amazon Ecosystem,No
414,sr-live-gen2.akamaized.net|a909.dscz.akamai.net,0,Live streaming content ,Yes
415,m.media-amazon.com|tp.c47710ee9-frontier.media-amazon.com|c.media-amazon.com,0,AMazon Media domains,Yes
416,mas-ext.amazon.com,1,Broader streaming ecosystem,No
417,d1s31zyz7dcc2d.cloudfront.prod.ota-cloudfront.net|d2jmp5j6kma5v6.cloudfront.net,1,Security certificates ,No
418,crl4.digicert.com|crl.edge.digicert.com|cac-ocsp.digicert.com.edgekey.net|e3913.cd.akamaiedge.net,1,Security infrastructure,No
419,i5.walmartimages.com|i5-cdn.walmartimages.com.akadns.net|i5.walmartimages.comv6.edgekey.net|e10798.dscx.akamaiedge.net,1,Waltmart images,No
420,assets.msn.com|assets-msn-com-world-default.trafficmanager.net|assets.msn.com.edgesuite.net|a233.dscd.akamai.net,1,General Asset delivery,No
421,cti.w55c.net|d2vm2ftdj5dnrv.cloudfront.net,1,Advertising,No
422,survey.securestudies.com|survey2.securestudies.com|d3kd3t5g0qp1xa.cloudfront.net,1,Survey realted,No
423,dgkpk32ny3olx.cloudfront.net,1,Cloudfront related,No
424,assets.msn.com|assets-msn-com-world-default.trafficmanager.net|assets.msn.com.edgesuite.net|a233.dscd.akamai.net,1,General Asset Delivery,No
425,ocsp.globalsign.com|global.prd.cdn.globalsign.com|prod.globalsign.map.fastly.net,1,Security certificates,No
426,d2n8y5qk0vgut7.cloudfront.net,1,Cloudfront related,No
427,websurvey5.opinionbar.com,1,Survey realted,No
428,sgh-cdn.playtika.com|akm-dsa-prod-pltk.edgesuite.net|a1935.dscb.akamai.net,1,Gaming related,No
429,d24hosivsxf1sb.cloudfront.net,1,Cloudfront related,No
430,d54or4x1qhv8g.cloudfront.net,1,Cloudfront related,No
431,d162b0n5gk85lh.cloudfront.net,1,Cloudfront related,No
432,ktpx.amazon.com,1,Amazon Ecosystem,No
433,d229kpbsb5jevy.cloudfront.net,1,Cloudfront related,No
434,d229kpbsb5jevy.cloudfront.net,1,Cloudfront related,No
435,sync-tm.everesttech.net|sync.tubemogul.com|syncf.tubemogul.com|h2.shared.global.fastly.net,1,Ad tech,No
436,static-us-east-2-fastly-a.www.philo.com|m2.philo.map.fastly.net,0,Philo,Yes
437,static-us-east-2-fastly-a.www.philo.com|m2.philo.map.fastly.net,0,Philo,Yes
438,static-us-east-2-fastly-a.www.philo.com|m2.philo.map.fastly.net,0,Philo,Yes
439,static-us-east-2-fastly-a.www.philo.com|m2.philo.map.fastly.net,0,Philo,Yes
440,static-us-east-2-fastly-a.www.philo.com|m2.philo.map.fastly.net,0,Philo,Yes
441,avatars.steamstatic.com|t.sni.global.fastly.net,1,User Avatars,No
442,m.media-amazon.com|tp.c47710ee9-frontier.media-amazon.com|a.media-amazon.com|a.media-amazon.com.akamaized.net|a1994.dscr.akamai.net,0,AMazon media domains,Yes
443,img.nbc.com|img.nbc.com.edgesuite.net|a1934.dscq.akamai.net,1,Images,No
444,m.media-amazon.com|tp.c47710ee9-frontier.media-amazon.com|f.media-amazon.com|media.amazon.map.fastly.net,0,AMazon media domains,Yes
445,d1s31zyz7dcc2d.cloudfront.prod.ota-cloudfront.net|d2jmp5j6kma5v6.cloudfront.net,1,Cloudfront domains,No
446,d1s31zyz7dcc2d.cloudfront.prod.ota-cloudfront.net|d2jmp5j6kma5v6.cloudfront.net,1,Cloudfront domains,No
447,d24hosivsxf1sb.cloudfront.net,1,Cloudfront domains,No
448,d1s31zyz7dcc2d.cloudfront.prod.ota-cloudfront.net|d2jmp5j6kma5v6.cloudfront.net,1,Cloudfront domains,No
449,m.media-amazon.com|tp.c47710ee9-frontier.media-amazon.com|c.media-amazon.com,0,Amazon media domain,Yes
450,d12f7y5s6kz9k2.cloudfront.net,1,Cloudfront domain,No
451,ktpx.amazon.com,1,Amazon Ecosystem,No
452,store-images.s-microsoft.com|store-images.s-microsoft.com-c.edgekey.net|e12564.dspb.akamaiedge.net,1,Microsoft cdn,No
453,replay-storage-x20na.easebar.com|replay-storage-x20na.easebar.com.akamaized.net|a1347.d.akamai.net,0,Possible yes,Yes
454,store-images.s-microsoft.com|store-images.s-microsoft.com-c.edgekey.net|e12564.dspb.akamaiedge.net,1,Microsoft cdn,No
455,collections.mp.microsoft.com|consumer-collections-aks2eap.md.mp.microsoft.com.akadns.net|collections-prod-frontdoor-geomap.trafficmanager.net|eus2-3.frontdoor.collections.commerce.microsoft.com,1,Microsoft cdn,No
456,store-images.s-microsoft.com|store-images.s-microsoft.com-c.edgekey.net|e12564.dspb.akamaiedge.net,1,Microsoft cdn,No
457,thumbnails.cbsig.net|paramountplus.map.fastly.net,0,Paramount+streaming,No
458,thumbnails.cbsig.net|paramountplus.map.fastly.net,0,Paramount+streaming,No
459,thumbnails.cbsig.net|paramountplus.map.fastly.net,0,Paramount+streaming,No
460,thumbnails.cbsig.net|paramountplus.map.fastly.net,0,Paramount+streaming,No
461,thumbnails.cbsig.net|paramountplus.map.fastly.net,0,Paramount+streaming,No
462,disney.images.edge.bamgrid.com|dmkux81prelwg.cloudfront.net,0,Disney+,No
463,disney.images.edge.bamgrid.com|dmkux81prelwg.cloudfront.net,0,Disney+,No
464,disney.images.edge.bamgrid.com|dmkux81prelwg.cloudfront.net,0,Disney+,No
465,disney.images.edge.bamgrid.com|dmkux81prelwg.cloudfront.net,0,Disney+,No
466,disney.images.edge.bamgrid.com|dmkux81prelwg.cloudfront.net,0,Disney+,No
467,wsls-live.gmg.io|d6oed5y7ad7td.cloudfront.net,0,Live streaming content,No
468,wsls-live.gmg.io|d6oed5y7ad7td.cloudfront.net,0,Live streaming content,No
469,wsls-live.gmg.io|d6oed5y7ad7td.cloudfront.net,0,Live streaming content,No
470,dev.virtualearth.net|fe-bmplatform-aks-atm.trafficmanager.net|mapsplatformafd-prod-amafg5e8b7e6f6ez.z01.azurefd.net|star-azurefd-prod.trafficmanager.net|shed.dual-low.s-part-0013.t-0009.t-msedge.net|s-part-0013.t-0009.t-msedge.net,1,Microsoft Bing,No
471,dev.virtualearth.net|fe-bmplatform-aks-atm.trafficmanager.net|mapsplatformafd-prod-amafg5e8b7e6f6ez.z01.azurefd.net|star-azurefd-prod.trafficmanager.net|shed.dual-low.s-part-0013.t-0009.t-msedge.net|s-part-0013.t-0009.t-msedge.net,1,Microsoft Bing,No
472,dev.virtualearth.net|fe-bmplatform-aks-atm.trafficmanager.net|mapsplatformafd-prod-amafg5e8b7e6f6ez.z01.azurefd.net|star-azurefd-prod.trafficmanager.net|shed.dual-low.s-part-0013.t-0009.t-msedge.net|s-part-0013.t-0009.t-msedge.net,1,Microsoft Bing,No
473,dev.virtualearth.net|fe-bmplatform-aks-atm.trafficmanager.net|mapsplatformafd-prod-amafg5e8b7e6f6ez.z01.azurefd.net|star-azurefd-prod.trafficmanager.net|shed.dual-low.s-part-0013.t-0009.t-msedge.net|s-part-0013.t-0009.t-msedge.net,1,Microsoft Bing,No
474,i5.walmartimages.com|i5-cdn.walmartimages.com.akadns.net|dualstack.walmart-nosni.map.fastly.net,1,Waltmart images,No
475,i5.walmartimages.com|i5-cdn.walmartimages.com.akadns.net|dualstack.walmart-nosni.map.fastly.net,1,Waltmart images,No
477,m.media-amazon.com|tp.c47710ee9-frontier.media-amazon.com|c.media-amazon.com,0,Amazon media domains,Yes
478,m.media-amazon.com|tp.c47710ee9-frontier.media-amazon.com|c.media-amazon.com,0,Amazon media domains,Yes
479,m.media-amazon.com|tp.c47710ee9-frontier.media-amazon.com|c.media-amazon.com,0,Amazon media domains,Yes
480,www.paypal.com|www.glb.paypal.com|paypal-dynamic.map.fastly.net,1,Paypal Services,No
481,www.paypal.com|www.glb.paypal.com|paypal-dynamic.map.fastly.net,1,Paypal Services,No
482,www.paypal.com|www.glb.paypal.com|paypal-dynamic.map.fastly.net,1,Paypal Services,No
483,www.paypal.com|www.glb.paypal.com|paypal-dynamic.map.fastly.net,1,Paypal Services,No
484,m.media-amazon.com|tp.c47710ee9-frontier.media-amazon.com|a.media-amazon.com|a.media-amazon.com.akamaized.net|a1994.dscr.akamai.net,0,Amazon media domain,Yes
485,m.media-amazon.com|tp.c47710ee9-frontier.media-amazon.com|a.media-amazon.com|a.media-amazon.com.akamaized.net|a1994.dscr.akamai.net,0,Amazon media domain,Yes
486,m.media-amazon.com|tp.c47710ee9-frontier.media-amazon.com|a.media-amazon.com|a.media-amazon.com.akamaized.net|a1994.dscr.akamai.net,0,Amazon media domain,Yes
487,m.media-amazon.com|tp.c47710ee9-frontier.media-amazon.com|c.media-amazon.com,0,Amazon media domain,Yes
488,cigars2.web.roku.com|d3o05sjhovkwsp.cloudfront.net,0,Roku,Yes
489,cigars2.web.roku.com|d3o05sjhovkwsp.cloudfront.net,0,Roku,Yes
490,cigars2.web.roku.com|d3o05sjhovkwsp.cloudfront.net,0,Roku,Yes
491,cigars2.web.roku.com|d3o05sjhovkwsp.cloudfront.net,0,Roku,Yes
492,cigars2.web.roku.com|d3o05sjhovkwsp.cloudfront.net,0,Roku,Yes
493,cigars2.web.roku.com|d3o05sjhovkwsp.cloudfront.net,0,Roku,Yes
494,cigars2.web.roku.com|d3o05sjhovkwsp.cloudfront.net,0,Roku,Yes
495,cigars2.web.roku.com|d3o05sjhovkwsp.cloudfront.net,0,Roku,Yes
496,cigars2.web.roku.com|d3o05sjhovkwsp.cloudfront.net,0,Roku,Yes
497,cigars2.web.roku.com|d3o05sjhovkwsp.cloudfront.net,0,Roku,Yes
498,cigars2.web.roku.com|d3o05sjhovkwsp.cloudfront.net,0,Roku,Yes
499,cigars2.web.roku.com|d3o05sjhovkwsp.cloudfront.net,0,Roku,Yes
500,cigars2.web.roku.com|d3o05sjhovkwsp.cloudfront.net,0,Roku,Yes
501,cigars2.web.roku.com|d3o05sjhovkwsp.cloudfront.net,0,Roku,Yes
502,prod.video.smartcasttv.com,0,Smart cast Tv,Yes
503,prod.video.smartcasttv.com,0,Smart cast Tv,Yes
504,prod.video.smartcasttv.com,0,Smart cast Tv,Yes
505,prod.video.smartcasttv.com,0,Smart cast Tv,Yes
506,prod.video.smartcasttv.com,0,Smart cast Tv,Yes
507,d1s31zyz7dcc2d.cloudfront.prod.ota-cloudfront.net|d2jmp5j6kma5v6.cloudfront.net,1,Cloudfront domain,No
508,d1s31zyz7dcc2d.cloudfront.prod.ota-cloudfront.net|d2jmp5j6kma5v6.cloudfront.net,1,Cloudfront domain,No
509,ktpx.amazon.com,1,Amazon Ecosystem,No
510,ktpx.amazon.com,1,Amazon Ecosystem,No
511,d1s31zyz7dcc2d.cloudfront.prod.ota-cloudfront.net|d2jmp5j6kma5v6.cloudfront.net,1,Cloudfront domain,No
512,store-images.s-microsoft.com|store-images.s-microsoft.com-c.edgekey.net|e12564.dspb.akamaiedge.net,1,Microsoft cdn,No
513,gdmf.apple.com|gdmf.v.aaplimg.com,1,Apple services ,No
514,secure.insightexpressai.com|global-wildcard.insightexpressai.com.edgekey.net|e7876.dscg.akamaiedge.net|user-att-23-113-64-0.e7876.dscg.akamaiedge.net,1,Analytics and market research,No
515,r2---sn-5ualdnlr.c.2mdn.net|r2.sn-5ualdnlr.c.2mdn.net,1,Google ad services,No
516,ipv6.msftconnecttest.com|ncsiv6-geo.trafficmanager.net|ipv6.msftconnecttest.com.edgesuite.net|a1968.i6g1.akamai.net,1,Microsoft network ,No
517,store-images.s-microsoft.com|store-images.s-microsoft.com-c.edgekey.net|e12564.dspb.akamaiedge.net,1,Microsoft cdn,No
518,ww25.soap2day.day,0,Soap2day,No
519,ww25.soap2day.day,0,Soap2day,No
520,ww25.soap2day.day,0,Soap2day,No
521,ww25.soap2day.day,0,Soap2day,No
522,ww25.soap2day.day,0,Soap2day,No
523,ww25.soap2day.day,0,Soap2day,No
524,radio-services.itunes.apple.com|radio.itunes.apple.com.edgekey.net|e673.dsce9.akamaiedge.net,1,Radio streaming,No
525,radio-services.itunes.apple.com|radio.itunes.apple.com.edgekey.net|e673.dsce9.akamaiedge.net,1,Radio streaming,No
526,radio-services.itunes.apple.com|radio.itunes.apple.com.edgekey.net|e673.dsce9.akamaiedge.net,1,Radio streaming,No
527,radio-services.itunes.apple.com|radio.itunes.apple.com.edgekey.net|e673.dsce9.akamaiedge.net,1,Radio streaming,No
528,tvpnlinupepgpus.samsungcloud.tv|d2xg3nsbx4ivwk.cloudfront.net,0,Samsung TV,Yes
529,tvpnlinupepgpus.samsungcloud.tv|d2xg3nsbx4ivwk.cloudfront.net,0,Samsung TV,Yes
530,tvpnlinupepgpus.samsungcloud.tv|d2xg3nsbx4ivwk.cloudfront.net,0,Samsung TV,Yes
531,tvpnlinupepgpus.samsungcloud.tv|d2xg3nsbx4ivwk.cloudfront.net,0,Samsung TV,Yes
532,tvpnlinupepgpus.samsungcloud.tv|d2xg3nsbx4ivwk.cloudfront.net,0,Samsung TV,Yes
533,cdn-stv.adgrx.com|cdn.ssl-delivery-network.com.edgekey.net|e3403.g.akamaiedge.net,1,Advertising tech ,No
534,ktpx.amazon.com,1,Amazon Ecosystem,No
535,m.media-amazon.com|tp.c47710ee9-frontier.media-amazon.com|c.media-amazon.com,0,Amazon media domain,Yes
536,ktpx.amazon.com,1,Amazon Ecosystem,No
537,m.media-amazon.com|tp.c47710ee9-frontier.media-amazon.com|c.media-amazon.com,0,Amazon media domain,Yes
538,statsapi.mlb.com|mlb.map.fastly.net,1,Sports digital services,No
539,tvpnlinupepgpus.samsungcloud.tv|d2xg3nsbx4ivwk.cloudfront.net,0,Samsung TV,Yes
540,tvpnlinupepgpus.samsungcloud.tv|d2xg3nsbx4ivwk.cloudfront.net,0,Samsung TV,Yes
541,tvpnlinupepgpus.samsungcloud.tv|d2xg3nsbx4ivwk.cloudfront.net,0,Samsung TV,Yes
542,tvpnlinupepgpus.samsungcloud.tv|d2xg3nsbx4ivwk.cloudfront.net,0,Samsung TV,Yes
543,tvpnlinupepgpus.samsungcloud.tv|d2xg3nsbx4ivwk.cloudfront.net,0,Samsung TV,Yes
544,store-images.s-microsoft.com|store-images.s-microsoft.com-c.edgekey.net|e12564.dspb.akamaiedge.net,1,Microsoft cdn,No
545,store-images.s-microsoft.com|store-images.s-microsoft.com-c.edgekey.net|e12564.dspb.akamaiedge.net,1,Microsoft cdn,No
546,store-images.s-microsoft.com|store-images.s-microsoft.com-c.edgekey.net|e12564.dspb.akamaiedge.net,1,Microsoft cdn,No
547,cdn-stv.adgrx.com|cdn.ssl-delivery-network.com.edgekey.net|e3403.g.akamaiedge.net,1,Advertising tech ,No
548,cdn-stv.adgrx.com|cdn.ssl-delivery-network.com.edgekey.net|e3403.g.akamaiedge.net,1,Advertising tech ,No
549,cdn-stv.adgrx.com|cdn.ssl-delivery-network.com.edgekey.net|e3403.g.akamaiedge.net,1,Advertising tech ,No
550,cdn-stv.adgrx.com|cdn.ssl-delivery-network.com.edgekey.net|e3403.g.akamaiedge.net,1,Advertising tech ,No
551,cdn1.futuretodayinc.com|t.sni.us-eu.fastly.net,0,Future Today,Yes
552,cdn1.futuretodayinc.com|t.sni.us-eu.fastly.net,0,Future Today,Yes
553,cdn1.futuretodayinc.com|t.sni.us-eu.fastly.net,0,Future Today,Yes
554,cdn1.futuretodayinc.com|t.sni.us-eu.fastly.net,0,Future Today,Yes
555,cdn1.futuretodayinc.com|t.sni.us-eu.fastly.net,0,Future Today,Yes
556,api.foxbusiness.com|api.foxbusiness.com.edgekey.net|e8979.dscj.akamaiedge.net,1,Fox Bussiness,No
557,api.foxbusiness.com|api.foxbusiness.com.edgekey.net|e8979.dscj.akamaiedge.net,1,Fox Bussiness,No
558,api.foxbusiness.com|api.foxbusiness.com.edgekey.net|e8979.dscj.akamaiedge.net,1,Fox Bussiness,No
559,api.foxbusiness.com|api.foxbusiness.com.edgekey.net|e8979.dscj.akamaiedge.net,1,Fox Bussiness,No
560,cdn1.futuretodayinc.com|t.sni.us-eu.fastly.net,0,Future Today,Yes
561,cdn1.futuretodayinc.com|t.sni.us-eu.fastly.net,0,Future Today,Yes
562,cdn1.futuretodayinc.com|t.sni.us-eu.fastly.net,0,Future Today,Yes
563,cdn1.futuretodayinc.com|t.sni.us-eu.fastly.net,0,Future Today,Yes
564,cdn1.futuretodayinc.com|t.sni.us-eu.fastly.net,0,Future Today,Yes
565,cdn1.extremereach.io|d33nmundg46g9e.cloudfront.net,1,Extreme reach ad platform ,No
566,cdn1.extremereach.io|d33nmundg46g9e.cloudfront.net,1,Extreme reach ad platform ,No
567,cdn1.extremereach.io|d33nmundg46g9e.cloudfront.net,1,Extreme reach ad platform ,No
568,cdn1.extremereach.io|d33nmundg46g9e.cloudfront.net,1,Extreme reach ad platform ,No
569,cdn1.extremereach.io|d33nmundg46g9e.cloudfront.net,1,Extreme reach ad platform ,No
570,cf-images.us-east-1.prod.boltdns.net|cf-images.us-east-1.prod-a.boltdns.net|dh29jf0q5erm3.cloudfront.net,0,Brightcove,No
571,cf-images.us-east-1.prod.boltdns.net|cf-images.us-east-1.prod-a.boltdns.net|dh29jf0q5erm3.cloudfront.net,0,Brightcove,No
572,cf-images.us-east-1.prod.boltdns.net|cf-images.us-east-1.prod-a.boltdns.net|dh29jf0q5erm3.cloudfront.net,0,Brightcove,No
573,cf-images.us-east-1.prod.boltdns.net|cf-images.us-east-1.prod-a.boltdns.net|dh29jf0q5erm3.cloudfront.net,0,Brightcove,No
574,cf-images.us-east-1.prod.boltdns.net|cf-images.us-east-1.prod-a.boltdns.net|dh29jf0q5erm3.cloudfront.net,0,Brightcove,No
575,dh6r264mmbh1h.cloudfront.net,1,Cloudfront domain,No
576,dh6r264mmbh1h.cloudfront.net,1,Cloudfront domain,No
577,dh6r264mmbh1h.cloudfront.net,1,Cloudfront domain,No
578,dh6r264mmbh1h.cloudfront.net,1,Cloudfront domain,No
579,dh6r264mmbh1h.cloudfront.net,1,Cloudfront domain,No
580,android.clients.google.com|android.l.google.com,1,Google services,No
581,android.clients.google.com|android.l.google.com,1,Google services,No
582,android.clients.google.com|android.l.google.com,1,Google services,No
583,android.clients.google.com|android.l.google.com,1,Google services,No
584,youtubei.googleapis.com,1,Youtube api,No
585,youtubei.googleapis.com,1,Youtube api,No
586,youtubei.googleapis.com,1,Youtube api,No
587,youtubei.googleapis.com,1,Youtube api,No
588,googleads.g.doubleclick.net,1,Google ads,No
589,googleads.g.doubleclick.net,1,Google ads,No
590,googleads.g.doubleclick.net,1,Google ads,No
591,googleads.g.doubleclick.net,1,Google ads,No
592,pangolin16.sgsnssdk.com|pangolin16.sgsnssdk.com.ttdns2.com|pangolin16.sgsnssdk.com.edgesuite.net|a2047.api10.akamai.net,1,Advertisng Domain,No
593,pangolin16.sgsnssdk.com|pangolin16.sgsnssdk.com.ttdns2.com|pangolin16.sgsnssdk.com.edgesuite.net|a2047.api10.akamai.net,1,Advertisng Domain,No
594,pangolin16.sgsnssdk.com|pangolin16.sgsnssdk.com.ttdns2.com|pangolin16.sgsnssdk.com.edgesuite.net|a2047.api10.akamai.net,1,Advertisng Domain,No
595,pangolin16.sgsnssdk.com|pangolin16.sgsnssdk.com.ttdns2.com|pangolin16.sgsnssdk.com.edgesuite.net|a2047.api10.akamai.net,1,Advertisng Domain,No
596,ei.rlcdn.com,1,Data connectivity domain,No
597,ei.rlcdn.com,1,Data connectivity domain,No
598,ei.rlcdn.com,1,Data connectivity domain,No
599,ei.rlcdn.com,1,Data connectivity domain,No
600,direct.adsrvr.org|usedirect.adsrvr.org,1,Trade desk Advertising domain,No
601,direct.adsrvr.org|usedirect.adsrvr.org,1,Trade desk Advertising domain,No
602,direct.adsrvr.org|usedirect.adsrvr.org,1,Trade desk Advertising domain,No
603,direct.adsrvr.org|usedirect.adsrvr.org,1,Trade desk Advertising domain,No
604,direct.adsrvr.org|usedirect.adsrvr.org,1,Trade desk Advertising domain,No
605,store-images.s-microsoft.com|store-images.s-microsoft.com-c.edgekey.net|e12564.dspb.akamaiedge.net,1,Microsoft cdn,No
606,cod-assets.cdn.callofduty.com|cod-assets.cdn.callofduty.com.edgesuite.net|a1991.dscv.akamai.net,1,Game domain,No
607,cod-assets.cdn.callofduty.com|cod-assets.cdn.callofduty.com.edgesuite.net|a1991.dscv.akamai.net,1,Game domain,No
608,cod-assets.cdn.callofduty.com|cod-assets.cdn.callofduty.com.edgesuite.net|a1991.dscv.akamai.net,1,Game domain,No
609,mask.icloud.com|mask.apple-dns.net,1,Apple services ,No
610,mask.icloud.com|mask.apple-dns.net,1,Apple services ,No
611,mask.icloud.com|mask.apple-dns.net,1,Apple services ,No
612,mask.icloud.com|mask.apple-dns.net,1,Apple services ,No
613,img-s-msn-com.akamaized.net|a1834.dscg2.akamai.net,1,Microsoft nsm ,Yes
614,img-s-msn-com.akamaized.net|a1834.dscg2.akamai.net,1,Microsoft nsm ,Yes
615,img-s-msn-com.akamaized.net|a1834.dscg2.akamai.net,1,Microsoft nsm ,Yes
616,img-s-msn-com.akamaized.net|a1834.dscg2.akamai.net,1,Microsoft nsm ,Yes
617,img-s-msn-com.akamaized.net|a1834.dscg2.akamai.net,1,Microsoft nsm ,Yes
618,i5.walmartimages.ca|i5-cdn.walmartimages.ca.akadns.net|e167221.x.akamaiedge.net,1,Waltmart canada image hosting,No
619,i5.walmartimages.ca|i5-cdn.walmartimages.ca.akadns.net|e167221.x.akamaiedge.net,1,Waltmart canada image hosting,No
620,i5.walmartimages.ca|i5-cdn.walmartimages.ca.akadns.net|e167221.x.akamaiedge.net,1,Waltmart canada image hosting,No
621,img-s-msn-com.akamaized.net|a1834.dscg2.akamai.net,1,Microsoft nsm ,Yes
622,i5.walmartimages.com|i5-cdn.walmartimages.com.akadns.net|i5.walmartimages.comv6.edgekey.net|e10798.dscx.akamaiedge.net,1,Walmart US image hosting,No
623,i5.walmartimages.com|i5-cdn.walmartimages.com.akadns.net|i5.walmartimages.comv6.edgekey.net|e10798.dscx.akamaiedge.net,1,Walmart US image hosting,No
624,i5.walmartimages.com|i5-cdn.walmartimages.com.akadns.net|i5.walmartimages.comv6.edgekey.net|e10798.dscx.akamaiedge.net,1,Walmart US image hosting,No
625,i5.walmartimages.com|i5-cdn.walmartimages.com.akadns.net|i5.walmartimages.comv6.edgekey.net|e10798.dscx.akamaiedge.net,1,Walmart US image hosting,No
626,static-tracking.klaviyo.com|klaviyo-app.map.fastly.net,1,Klaviyo analytics,No
627,images.vizio.com|d33yum4e2x0u8f.cloudfront.net,1,Vizio image hosting,No
628,aic-ngfts.lge.com|aic-ngfts.lge.com.edgekey.net|e6114.e21.akamaiedge.net,1,Lg service domain,No
629,d19rpgkrjeba2z.cloudfront.net,1,Generic cloudfront cdn ,No
630,d12pzxr4onfq1i.cloudfront.net,1,Generic cloudfront cdn ,No
631,d12pzxr4onfq1i.cloudfront.net,1,Generic cloudfront cdn ,No
632,ottcdn-a.localnowapi.com,0,Local now ott,No
633,ottcdn-a.localnowapi.com,0,Local now ott,No
634,ottcdn-a.localnowapi.com,0,Local now ott,No
635,ottcdn-a.localnowapi.com,0,Local now ott,No
636,ottcdn-a.localnowapi.com,0,Local now ott,No
637,ubiservices.cdn.ubi.com|wildcard.cdn.ubi.com.edgekey.net|e11196.g.akamaiedge.net,1,Video game domain,No
638,ubiservices.cdn.ubi.com|wildcard.cdn.ubi.com.edgekey.net|e11196.g.akamaiedge.net,1,Video game domain,No
639,ubiservices.cdn.ubi.com|wildcard.cdn.ubi.com.edgekey.net|e11196.g.akamaiedge.net,1,Video game domain,No
640,ubiservices.cdn.ubi.com|wildcard.cdn.ubi.com.edgekey.net|e11196.g.akamaiedge.net,1,Video game domain,No
641,cdn-stv.adgrx.com|cdn.ssl-delivery-network.com.edgekey.net|e3403.g.akamaiedge.net,1,Video game domain,No
642,m.media-amazon.com|tp.c47710ee9-frontier.media-amazon.com|c.media-amazon.com,0,Amazon media domain,Yes
643,m.media-amazon.com|tp.c47710ee9-frontier.media-amazon.com|a.media-amazon.com|a.media-amazon.com.akamaized.net|a1994.dscr.akamai.net,0,Amazon media domain,Yes
644,d28ws1vi9sggu8.cloudfront.net,1,Generic cloudfront cdn ,No
645,d28ws1vi9sggu8.cloudfront.net,1,Generic cloudfront cdn ,No
646,d28ws1vi9sggu8.cloudfront.net,1,Generic cloudfront cdn ,No
647,d2a45ul8pxjvk7.cloudfront.net,1,Generic cloudfront cdn ,No
648,d2a45ul8pxjvk7.cloudfront.net,1,Generic cloudfront cdn ,No
649,d2a45ul8pxjvk7.cloudfront.net,1,Generic cloudfront cdn ,No
650,d1s31zyz7dcc2d.cloudfront.prod.ota-cloudfront.net,1,Cloudfront domain,No
651,d1s31zyz7dcc2d.cloudfront.prod.ota-cloudfront.net|d2jmp5j6kma5v6.cloudfront.net,1,Cloudfront domain,No
652,webapi.radioedit.iheart.com|dualstack.iheartmedia.map.fastly.net,1,iheartRadio,No
653,m.media-amazon.com|tp.c47710ee9-frontier.media-amazon.com|c.media-amazon.com,0,Amazon media domain,Yes
654,ktpx.amazon.com,1,Amazon Ecosystem,No
655,d1s31zyz7dcc2d.cloudfront.prod.ota-cloudfront.net|d2jmp5j6kma5v6.cloudfront.net,1,Cloudfront domain,No
656,d11pgloqscsy1b.cloudfront.net,1,Generic cloudfront domain,No
657,static.adsafeprotected.com|d162h6x3rxav67.cloudfront.net,1,Ad safety and protecton domain,No
658,static.adsafeprotected.com|d162h6x3rxav67.cloudfront.net,1,Ad safety and protecton domain,No
659,static.adsafeprotected.com|d162h6x3rxav67.cloudfront.net,1,Ad safety and protecton domain,No
671,d1s31zyz7dcc2d.cloudfront.prod.ota-cloudfront.net|d2jmp5j6kma5v6.cloudfront.net,1,Cloudfront domain,No
672,d1s31zyz7dcc2d.cloudfront.prod.ota-cloudfront.net|d2jmp5j6kma5v6.cloudfront.net,1,Cloudfront domain,No
673,htv-streaming-otfp.hearst.io|hearst-hdm.map.fastly.net,0,Hearst broadcaster streaming,No
674,htv-streaming-otfp.hearst.io|hearst-hdm.map.fastly.net,0,Hearst broadcaster streaming,No
675,htv-streaming-otfp.hearst.io|hearst-hdm.map.fastly.net,0,Hearst broadcaster streaming,No
676,htv-streaming-otfp.hearst.io|hearst-hdm.map.fastly.net,0,Hearst broadcaster streaming,No
677,htv-streaming-otfp.hearst.io|hearst-hdm.map.fastly.net,0,Hearst broadcaster streaming,No
678,cf.mhcache.com|d33agewa96cmv3.cloudfront.net,1,Cloudfront domain,No
679,venom-assets.edmunds-media.com|wildcard.edmunds.com.edgekey.net|e36100.a.akamaiedge.net,1,Edmunds automative ,No
680,m.media-amazon.com|tp.c47710ee9-frontier.media-amazon.com|f.media-amazon.com|media.amazon.map.fastly.net,0,amazon media domain,Yes
681,d24hosivsxf1sb.cloudfront.net,1,Generic cloudfront domain,No
682,d1s31zyz7dcc2d.cloudfront.prod.ota-cloudfront.net|d2jmp5j6kma5v6.cloudfront.net,1,Generic cloudfront domain,No
683,d24hosivsxf1sb.cloudfront.net,1,Generic cloudfront domain,No
684,silver.xboxservices.com|xbet-afd-prod-hkc2bwaka7a8gfeq.z01.azurefd.net|star-azurefd-prod.trafficmanager.net|shed.dual-low.s-part-0012.t-0009.t-msedge.net|s-part-0012.t-0009.t-msedge.net,1,Video game Xbox,No
685,ktpx.amazon.com,1,Amazon Ecosystem,No
687,d7luqmstmj331.cloudfront.net,1,Cloudfront domain,No
688,s7mbrstream.scene7.com|wildcard-amd.scene7.com.edgesuite.net|a257.dscv.akamai.net,0,Scene7,Yes
689,s7mbrstream.scene7.com|wildcard-amd.scene7.com.edgesuite.net|a257.dscv.akamai.net,0,Scene7,Yes
690,s7mbrstream.scene7.com|wildcard-amd.scene7.com.edgesuite.net|a257.dscv.akamai.net,0,Scene7,Yes
691,s7mbrstream.scene7.com|wildcard-amd.scene7.com.edgesuite.net|a257.dscv.akamai.net,0,Scene7,Yes
692,ktpx.amazon.com,1,Amazon ecosystem,No
693,d28ws1vi9sggu8.cloudfront.net,1,Cloudfront domain,No
694,m.media-amazon.com|tp.c47710ee9-frontier.media-amazon.com|a.media-amazon.com|a.media-amazon.com.akamaized.net|a1994.dscr.akamai.net,0,Amazon media domain,Yes
695,d24hosivsxf1sb.cloudfront.net,1,Cloudfront domain,No
696,d24hosivsxf1sb.cloudfront.net,1,Cloudfront domain,No
697,m.media-amazon.com|tp.c47710ee9-frontier.media-amazon.com|c.media-amazon.com,0,Amazon media domain,Yes
698,m.media-amazon.com|tp.c47710ee9-frontier.media-amazon.com|f.media-amazon.com|media.amazon.map.fastly.net,0,Amazon media domain,Yes
699,m.media-amazon.com|tp.c47710ee9-frontier.media-amazon.com|f.media-amazon.com|media.amazon.map.fastly.net,0,Amazon media domain,Yes
700,audio-fa.scdn.co|region-eng-scdn.cdn-gslb.spotify.com|scdnco.spotify.map.fastly.net,1,Spotify audio ,No
701,d24hosivsxf1sb.cloudfront.net,1,Cloudfront domain,No
702,d28ws1vi9sggu8.cloudfront.net,1,Cloudfront domain,No
703,ktpx.amazon.com,1,Amazon Ecosytem,No
705,platform.twitter.com|platform.twitter.map.fastly.net,1,Twitter domain,No
706,secure.insightexpressai.com|global-wildcard.insightexpressai.com.edgekey.net|e7876.dscg.akamaiedge.net|user-att-99-169-248-0.e7876.dscg.akamaiedge.net,1,Data Collection,No
707,cdn.flashtalking.com|d3fxn7cse5tdjr.cloudfront.net,1,Ad tech domain,No
708,gdmf.apple.com|gdmf.v.aaplimg.com,1,Apple services,No
709,cdn-adn-https-new.mtgglobals.com|d1om9znyumzhxf.cloudfront.net,1,Ad tech domain,No
710,apptrailers.itunes.apple.com|apptrailers.itunes.g.aaplimg.com,1,Apple services,No
711,static.cdp-cdn.com|d1dew6nf6u25hp.cloudfront.net,1,Cloudfront domain,No
712,cdn-f.adsmoloco.com|global.moloco.map.fastly.net,1,Cloudfront domain,No
713,amp-api-edge-cdn-lb.itunes-apple.com.akadns.net|h3.apis.apple.map.fastly.net,1,Apple services,No
714,ocsp2-lb.apple.com.akadns.net|ocsp2.g.aaplimg.com,1,Apple security infra,No
715,is-ssl.mzstatic.com.itunes-apple.com.akadns.net|is-ssl-cdn.itunes-apple.com.akadns.net|h3.apis.apple.map.fastly.net,1,Apple cdn,No
716,gdmf.apple.com|gdmf.v.aaplimg.com,1,Apple services,No
717,metrics.icloud.com|me.apple-dns.net,1,Apple services,No
718,tp.47cf2c8c9-frontier.amazon.com|d3ag4hukkh62yn.cloudfront.net,1,Amazon cdn,No
719,m.media-amazon.com|tp.c47710ee9-frontier.media-amazon.com|c.media-amazon.com,0,Amazon media domain,Yes
720,cdn1.extremereach.io|d33nmundg46g9e.cloudfront.net,1,Extreme reach,No
721,aic-ngfts.lge.com|aic-ngfts.lge.com.edgekey.net|e6114.e21.akamaiedge.net,1,LG cdn,No
722,static.frequency.com,0,Frequency domain,No
723,ts.amazon-adsystem.com|d21t3ooy68jlh9.cloudfront.net,1,Advertising domains,No
724,ts.amazon-adsystem.com|d21t3ooy68jlh9.cloudfront.net,1,Advertising domains,No
725,rtd-tm.everesttech.net|rtd.tubemogul.com|h2.shared.global.fastly.net,1,Advertising domains,No
726,securepubads.g.doubleclick.net,1,Advertising domains,No
727,bacon.secure.dyn.riotcdn.net|cf.dyn.riotcdn.net.cdn.cloudflare.net,1,Gaming content riot ,No
728,catalog.roblox.com|titanium.roblox.com|edge-term4.roblox.com|edge-term4-atl1.roblox.com,1,Gaming content roblox,No
729,d1s31zyz7dcc2d.cloudfront.prod.ota-cloudfront.net|d2jmp5j6kma5v6.cloudfront.net,1,General cdn,No
730,d28ws1vi9sggu8.cloudfront.net,1,General cdn,No
731,d24hosivsxf1sb.cloudfront.net,1,General cdn,No
732,m.media-amazon.com,0,Amazon media domain,Yes
733,m.media-amazon.com,0,Amazon media domain,Yes
734,graph.facebook.com|star.c10r.facebook.com,1,Social media advertising,No
735,cdn-stv.adgrx.com|cdn.ssl-delivery-network.com.edgekey.net|e3403.g.akamaiedge.net,1,Advertising domains,No
736,tvpnlinupepgpus.samsungcloud.tv|d2xg3nsbx4ivwk.cloudfront.net,0,Samsung TV,Yes
737,store-images.s-microsoft.com|store-images.s-microsoft.com-c.edgekey.net|e12564.dspb.akamaiedge.net,1,Microsoft cdn,No
738,tvpnlogopus.samsungcloud.tv|d1hzq9ti566ru1.cloudfront.net,0,Samsung TV,Yes
739,dn6q4f0q0kh23.cloudfront.net,1,General cdn,No
740,d2ufudlfb4rsg4.cloudfront.net,1,General cdn,No
741,d2ufudlfb4rsg4.cloudfront.net,1,General cdn,No
742,d2ufudlfb4rsg4.cloudfront.net,1,General cdn,No
743,d6wyculpvlvh1.cloudfront.net,1,General cdn,No
744,d2ufudlfb4rsg4.cloudfront.net,1,General cdn,No
745,d2ufudlfb4rsg4.cloudfront.net,1,General cdn,No
746,i5.walmartimages.com|i5-cdn.walmartimages.com.akadns.net|i5.walmartimages.comv6.edgekey.net|e10798.dscx.akamaiedge.net,1,Waltmart images,No
747,tvpnlogopus.samsungcloud.tv|d1hzq9ti566ru1.cloudfront.net,0,Samsung tv ,Yes
748,tvpnlogopus.samsungcloud.tv|d1hzq9ti566ru1.cloudfront.net,0,Samsung tv ,Yes
749,tvpnlogopus.samsungcloud.tv|d1hzq9ti566ru1.cloudfront.net,0,Samsung tv ,Yes
750,tvpnlinupepgpus.samsungcloud.tv|d2xg3nsbx4ivwk.cloudfront.net,0,Samsung tv ,Yes
751,tvpnlinupepgpus.samsungcloud.tv|d2xg3nsbx4ivwk.cloudfront.net,0,Samsung tv ,Yes
752,d1oxlq5h9kq8q5.cloudfront.net,1,General cdn,No
753,tvpnlogopus.samsungcloud.tv|d1hzq9ti566ru1.cloudfront.net,0,Samsung tv,Yes
754,d1s31zyz7dcc2d.cloudfront.prod.ota-cloudfront.net|d2jmp5j6kma5v6.cloudfront.net,1,General cdn,No
755,mas-ext.amazon.com,1,Amazon general domain,No
756,secure.insightexpressai.com|global-wildcard.insightexpressai.com.edgekey.net|e7876.dscg.akamaiedge.net|user-att-107-217-128-0.e7876.dscg.akamaiedge.net,1,Analytics domain,No
757,s0.2mdn.net,1,Advertising domains,No
758,cdn-h5brisket-prod.pogospike.com|ea4.com.edgekey.net|e8688.g.akamaiedge.net|user-att-107-217-128-0.e8688.g.akamaiedge.net,1,Gaming domain,No
759,public-ubiservices.ubi.com|live-public.prod.external.gateway.ubiservices.ubi.com|useast1-public.aws-ubiservices.ubi.com,1,Gaming domain,No
760,overlay.cdn.ubisoft.com|uplay-next-overlay-prd.edgekey.net|e11195.d.akamaiedge.net,1,Gaming domain,No
761,m.media-amazon.com|tp.c47710ee9-frontier.media-amazon.com|a.media-amazon.com|a.media-amazon.com.akamaized.net|a1994.dscr.akamai.net,0,Amazon media domain,Yes
762,m.media-amazon.com|tp.c47710ee9-frontier.media-amazon.com|a.media-amazon.com|a.media-amazon.com.akamaized.net|a1994.dscr.akamai.net,0,Amazon media domain,Yes
763,m.media-amazon.com|tp.c47710ee9-frontier.media-amazon.com|a.media-amazon.com|a.media-amazon.com.akamaized.net|a1994.dscr.akamai.net,0,Amazon media domain,Yes
764,m.media-amazon.com|tp.c47710ee9-frontier.media-amazon.com|a.media-amazon.com|a.media-amazon.com.akamaized.net|a1994.dscr.akamai.net,0,Amazon media domain,Yes
765,m.media-amazon.com|tp.c47710ee9-frontier.media-amazon.com|a.media-amazon.com|a.media-amazon.com.akamaized.net|a1994.dscr.akamai.net,0,Amazon media domain,Yes
766,m.media-amazon.com|tp.c47710ee9-frontier.media-amazon.com|a.media-amazon.com|a.media-amazon.com.akamaized.net|a1994.dscr.akamai.net,0,Amazon media domain,Yes
767,m.media-amazon.com|tp.c47710ee9-frontier.media-amazon.com|a.media-amazon.com|a.media-amazon.com.akamaized.net|a1994.dscr.akamai.net,0,Amazon media domain,Yes
768,assets.nflxext.com,0,Netflix media,No
769,assets.nflxext.com,0,Netflix media,No
770,assets.nflxext.com,0,Netflix media,No
771,assets.nflxext.com,0,Netflix media,No
772,assets.nflxext.com,0,Netflix media,No
773,assets.nflxext.com,0,Netflix media,No
774,assets.nflxext.com,0,Netflix media,No
775,assets.nflxext.com,0,Netflix media,No
776,akaclimagevault.vudu.com|akaclimagevault.vudu.com.edgesuite.net|a1837.v.akamai.net,0,Vudu streaming services,No
777,akaclimagevault.vudu.com|akaclimagevault.vudu.com.edgesuite.net|a1837.v.akamai.net,0,Vudu streaming services,No
778,akaclimagevault.vudu.com|akaclimagevault.vudu.com.edgesuite.net|a1837.v.akamai.net,0,Vudu streaming services,No
779,akaclimagevault.vudu.com|akaclimagevault.vudu.com.edgesuite.net|a1837.v.akamai.net,0,Vudu streaming services,No
780,akaclimagevault.vudu.com|akaclimagevault.vudu.com.edgesuite.net|a1837.v.akamai.net,0,Vudu streaming services,No
781,akaclimagevault.vudu.com|akaclimagevault.vudu.com.edgesuite.net|a1837.v.akamai.net,0,Vudu streaming services,No
782,wsop-poker-live.wsop.playtika.com|akm-dsa-prod-pltk.edgesuite.net|a1935.dscb.akamai.net|user-att-23-125-88-0.a1935.dscb.akamai.net,1,Gaming content,No
783,assets.wsop.playtika.com|akm-dsa-prod-pltk.edgesuite.net|a1935.dscb.akamai.net|user-att-23-125-88-0.a1935.dscb.akamai.net,1,Gaming content,No
784,iosapps.itunes.apple.com|iosapps.itunes.g.aaplimg.com,1,Apple store ,No
785,amp.akamaized.net|a1869.dscb.akamai.net,1,General akamai cdn,Yes
786,gdmf.apple.com|gdmf.v.aaplimg.com,1,Apple cdn,No
787,qsearch-a.akamaihd.net|qsearch-a.akamaihd.net.edgesuite.net|a267.g.akamai.net,1,Search cdn,No
788,live.polaris.me|k.sni.global.fastly.net,1,General cdn,No
789,public-ubiservices.ubi.com|live-public.prod.external.gateway.ubiservices.ubi.com|useast1-public.aws-ubiservices.ubi.com,1,Gaming content,No
790,cod-assets.cdn.callofduty.com|cod-assets.cdn.callofduty.com.edgesuite.net|a1991.dscv.akamai.net,1,Gaming content,No
791,cod-assets.cdn.callofduty.com|cod-assets.cdn.callofduty.com.edgesuite.net|a1991.dscv.akamai.net,1,Gaming content,No
792,cod-assets.cdn.callofduty.com|cod-assets.cdn.callofduty.com.edgesuite.net|a1991.dscv.akamai.net,1,Gaming content,No
793,cod-assets.cdn.callofduty.com|cod-assets.cdn.callofduty.com.edgesuite.net|a1991.dscv.akamai.net,1,Gaming content,No
794,cod-assets.cdn.callofduty.com|cod-assets.cdn.callofduty.com.edgesuite.net|a1991.dscv.akamai.net,1,Gaming content,No
795,audio-ak.spotifycdn.com|audio-ak.spotifycdn.com.edgesuite.net|a297.dscc.akamai.net,1,Audio streaming,No
796,audio-ak.spotifycdn.com|audio-ak.spotifycdn.com.edgesuite.net|a297.dscc.akamai.net,1,Audio streaming,No
797,audio-ak.spotifycdn.com|audio-ak.spotifycdn.com.edgesuite.net|a297.dscc.akamai.net,1,Audio streaming,No
798,audio-ak.spotifycdn.com|audio-ak.spotifycdn.com.edgesuite.net|a297.dscc.akamai.net,1,Audio streaming,No
799,d1s31zyz7dcc2d.cloudfront.prod.ota-cloudfront.net|d2jmp5j6kma5v6.cloudfront.net,1,Cloudfront domain,No
800,2448424566.tapecontent.net,0,Video streaming content delivery,No
801,2448424566.tapecontent.net,0,Video streaming content delivery,No
802,2448424566.tapecontent.net,0,Video streaming content delivery,No
803,2448424566.tapecontent.net,0,Video streaming content delivery,No
804,2448424566.tapecontent.net,0,Video streaming content delivery,No
805,2448424566.tapecontent.net,0,Video streaming content delivery,No
806,2448424566.tapecontent.net,0,Video streaming content delivery,No
807,2448424566.tapecontent.net,0,Video streaming content delivery,No
808,cr-vod-weigel.akamaized.net,0,Weigel breadcasting domain,Yes
809,cr-vod-weigel.akamaized.net,0,Weigel breadcasting domain,Yes
810,cr-vod-weigel.akamaized.net,0,Weigel breadcasting domain,Yes
811,cr-vod-weigel.akamaized.net,0,Weigel breadcasting domain,Yes
812,cr-vod-weigel.akamaized.net,0,Weigel breadcasting domain,Yes
813,cr-vod-weigel.akamaized.net,0,Weigel breadcasting domain,Yes
814,cr-vod-weigel.akamaized.net,0,Weigel breadcasting domain,Yes
815,cr-vod-weigel.akamaized.net,0,Weigel breadcasting domain,Yes
816,cr-vod-weigel.akamaized.net,0,Weigel breadcasting domain,Yes
817,cr-vod-weigel.akamaized.net,0,Weigel breadcasting domain,Yes
818,cr-vod-weigel.akamaized.net,0,Weigel breadcasting domain,Yes
819,cr-vod-weigel.akamaized.net,0,Weigel breadcasting domain,Yes
820,vod.field59.com,0,Video on demand services,No
821,vod.field59.com,0,Video on demand services,No
822,vod.field59.com,0,Video on demand services,No
823,vod.field59.com,0,Video on demand services,No
824,vod.field59.com,0,Video on demand services,No
825,vod.field59.com,0,Video on demand services,No
826,vod.field59.com,0,Video on demand services,No
827,vod.field59.com,0,Video on demand services,No
828,vod.field59.com,0,Video on demand services,No
829,vod.field59.com,0,Video on demand services,No
830,vod.field59.com,0,Video on demand services,No
831,vod.field59.com,0,Video on demand services,No
832,vod.field59.com,0,Video on demand services,No
833,vod.field59.com,0,Video on demand services,No
834,vod.field59.com,0,Video on demand services,No
835,vod.field59.com,0,Video on demand services,No
836,vod.field59.com,0,Video on demand services,No
837,vod.field59.com,0,Video on demand services,No
838,vod.field59.com,0,Video on demand services,No
839,amg00627-banijay-amg00627c3-tcl-us-3399.playouts.now.amagi.tv,0,Amagi TV streaming,Yes
840,amg00627-banijay-amg00627c3-tcl-us-3399.playouts.now.amagi.tv,0,Amagi TV streaming,Yes
841,amg00627-banijay-amg00627c3-tcl-us-3399.playouts.now.amagi.tv,0,Amagi TV streaming,Yes
842,amg00627-banijay-amg00627c3-tcl-us-3399.playouts.now.amagi.tv,0,Amagi TV streaming,Yes
843,amg00627-banijay-amg00627c3-tcl-us-3399.playouts.now.amagi.tv,0,Amagi TV streaming,Yes
844,amg00627-banijay-amg00627c3-tcl-us-3399.playouts.now.amagi.tv,0,Amagi TV streaming,Yes
845,amg00627-banijay-amg00627c3-tcl-us-3399.playouts.now.amagi.tv,0,Amagi TV streaming,Yes
846,amg00627-banijay-amg00627c3-tcl-us-3399.playouts.now.amagi.tv,0,Amagi TV streaming,Yes
847,amg00627-banijay-amg00627c3-tcl-us-3399.playouts.now.amagi.tv,0,Amagi TV streaming,Yes
848,amg00627-banijay-amg00627c3-tcl-us-3399.playouts.now.amagi.tv,0,Amagi TV streaming,Yes
849,amg00627-banijay-amg00627c3-tcl-us-3399.playouts.now.amagi.tv,0,Amagi TV streaming,Yes
850,amg00627-banijay-amg00627c3-tcl-us-3399.playouts.now.amagi.tv,0,Amagi TV streaming,Yes
851,amg00627-banijay-amg00627c3-tcl-us-3399.playouts.now.amagi.tv,0,Amagi TV streaming,Yes
852,amg00627-banijay-amg00627c3-tcl-us-3399.playouts.now.amagi.tv,0,Amagi TV streaming,Yes
853,amg00627-banijay-amg00627c3-tcl-us-3399.playouts.now.amagi.tv,0,Amagi TV streaming,Yes
854,amg00627-banijay-amg00627c3-tcl-us-3399.playouts.now.amagi.tv,0,Amagi TV streaming,Yes
855,amg00627-banijay-amg00627c3-tcl-us-3399.playouts.now.amagi.tv,0,Amagi TV streaming,Yes
856,amg00627-banijay-amg00627c3-tcl-us-3399.playouts.now.amagi.tv,0,Amagi TV streaming,Yes
857,amg00627-banijay-amg00627c3-tcl-us-3399.playouts.now.amagi.tv,0,Amagi TV streaming,Yes
858,scripps-ion-2-us.tcltvplus.wurl.tv,0,Scripps/ion streaming,Yes
859,scripps-ion-2-us.tcltvplus.wurl.tv,0,Scripps/ion streaming,Yes
860,scripps-ion-2-us.tcltvplus.wurl.tv,0,Scripps/ion streaming,Yes
861,scripps-ion-2-us.tcltvplus.wurl.tv,0,Scripps/ion streaming,Yes
862,scripps-ion-2-us.tcltvplus.wurl.tv,0,Scripps/ion streaming,Yes
863,scripps-ion-2-us.tcltvplus.wurl.tv,0,Scripps/ion streaming,Yes
864,scripps-ion-2-us.tcltvplus.wurl.tv,0,Scripps/ion streaming,Yes
865,scripps-ion-2-us.tcltvplus.wurl.tv,0,Scripps/ion streaming,Yes
866,scripps-ion-2-us.tcltvplus.wurl.tv,0,Scripps/ion streaming,Yes
867,scripps-ion-2-us.tcltvplus.wurl.tv,0,Scripps/ion streaming,Yes
868,scripps-ion-2-us.tcltvplus.wurl.tv,0,Scripps/ion streaming,Yes
869,scripps-ion-2-us.tcltvplus.wurl.tv,0,Scripps/ion streaming,Yes
870,scripps-ion-2-us.tcltvplus.wurl.tv,0,Scripps/ion streaming,Yes
871,scripps-ion-2-us.tcltvplus.wurl.tv,0,Scripps/ion streaming,Yes
872,scripps-ion-2-us.tcltvplus.wurl.tv,0,Scripps/ion streaming,Yes
873,scripps-ion-2-us.tcltvplus.wurl.tv,0,Scripps/ion streaming,Yes
874,scripps-ion-2-us.tcltvplus.wurl.tv,0,Scripps/ion streaming,Yes
875,scripps-ion-2-us.tcltvplus.wurl.tv,0,Scripps/ion streaming,Yes
876,scripps-ion-2-us.tcltvplus.wurl.tv,0,Scripps/ion streaming,Yes
877,scripps-ion-2-us.tcltvplus.wurl.tv,0,Scripps/ion streaming,Yes
878,scripps-ion-2-us.tcltvplus.wurl.tv,0,Scripps/ion streaming,Yes
879,scripps-ion-2-us.tcltvplus.wurl.tv,0,Scripps/ion streaming,Yes
880,scripps-ion-2-us.tcltvplus.wurl.tv,0,Scripps/ion streaming,Yes
881,scripps-ion-2-us.tcltvplus.wurl.tv,0,Scripps/ion streaming,Yes
882,scripps-ion-2-us.tcltvplus.wurl.tv,0,Scripps/ion streaming,Yes
883,scripps-ion-2-us.tcltvplus.wurl.tv,0,Scripps/ion streaming,Yes
884,sr-live-ae.akamaized.net,0,Live streaming content,Yes
885,sr-live-ae.akamaized.net,0,Live streaming content,Yes
886,sr-live-ae.akamaized.net,0,Live streaming content,Yes
887,sr-live-ae.akamaized.net,0,Live streaming content,Yes
888,sr-live-ae.akamaized.net,0,Live streaming content,Yes
889,sr-live-ae.akamaized.net,0,Live streaming content,Yes
890,sr-live-ae.akamaized.net,0,Live streaming content,Yes
891,sr-live-ae.akamaized.net,0,Live streaming content,Yes
892,sr-live-ae.akamaized.net,0,Live streaming content,Yes
893,sr-live-ae.akamaized.net,0,Live streaming content,Yes
894,sr-live-ae.akamaized.net,0,Live streaming content,Yes
895,sr-live-ae.akamaized.net,0,Live streaming content,Yes
896,sr-live-ae.akamaized.net,0,Live streaming content,Yes
897,sr-live-ae.akamaized.net,0,Live streaming content,Yes
898,sr-live-ae.akamaized.net,0,Live streaming content,Yes
899,sr-live-ae.akamaized.net,0,Live streaming content,Yes
900,sr-live-insp2.akamaized.net,0,Live streaming content,Yes
901,sr-live-insp2.akamaized.net,0,Live streaming content,Yes
902,sr-live-insp2.akamaized.net,0,Live streaming content,Yes
903,sr-live-insp2.akamaized.net,0,Live streaming content,Yes
904,sr-live-insp2.akamaized.net,0,Live streaming content,Yes
905,sr-live-insp2.akamaized.net,0,Live streaming content,Yes
906,sr-live-insp2.akamaized.net,0,Live streaming content,Yes
907,sr-live-insp2.akamaized.net,0,Live streaming content,Yes
908,sr-live-insp2.akamaized.net,0,Live streaming content,Yes
909,sr-live-insp2.akamaized.net,0,Live streaming content,Yes
910,sr-live-insp2.akamaized.net,0,Live streaming content,Yes
911,sr-live-insp2.akamaized.net,0,Live streaming content,Yes
912,sr-live-insp2.akamaized.net,0,Live streaming content,Yes
913,sr-live-insp2.akamaized.net,0,Live streaming content,Yes
914,sr-live-insp2.akamaized.net,0,Live streaming content,Yes
915,sr-live-insp2.akamaized.net,0,Live streaming content,Yes
916,sr-live-insp2.akamaized.net,0,Live streaming content,Yes
917,sr-live-insp2.akamaized.net,0,Live streaming content,Yes
918,sr-live-insp2.akamaized.net,0,Live streaming content,Yes
919,sr-live-insp2.akamaized.net,0,Live streaming content,Yes
920,sr-live-insp2.akamaized.net,0,Live streaming content,Yes
921,sr-live-insp2.akamaized.net,0,Live streaming content,Yes
922,sr-live-insp2.akamaized.net,0,Live streaming content,Yes
923,sr-live-insp2.akamaized.net,0,Live streaming content,Yes
924,sr-live-insp2.akamaized.net,0,Live streaming content,Yes
925,sr-live-insp2.akamaized.net,0,Live streaming content,Yes
926,sr-live-insp2.akamaized.net,0,Live streaming content,Yes
927,sr-live-insp2.akamaized.net,0,Live streaming content,Yes
928,sr-live-insp2.akamaized.net,0,Live streaming content,Yes
929,sr-live-insp2.akamaized.net,0,Live streaming content,Yes
930,sr-vod-insp.akamaized.net,0,Video on demand services,Yes
931,sr-vod-insp.akamaized.net,0,Video on demand services,Yes
932,sr-vod-insp.akamaized.net,0,Video on demand services,Yes
933,sr-vod-insp.akamaized.net,0,Video on demand services,Yes
934,sr-vod-insp.akamaized.net,0,Video on demand services,Yes
935,sr-vod-insp.akamaized.net,0,Video on demand services,Yes
936,sr-vod-insp.akamaized.net,0,Video on demand services,Yes
937,sr-vod-insp.akamaized.net,0,Video on demand services,Yes
938,sr-vod-insp.akamaized.net,0,Video on demand services,Yes
939,sr-vod-insp.akamaized.net,0,Video on demand services,Yes
940,sr-vod-insp.akamaized.net,0,Video on demand services,Yes
941,sr-vod-insp.akamaized.net,0,Video on demand services,Yes
942,sr-vod-insp.akamaized.net,0,Video on demand services,Yes
943,sr-vod-insp.akamaized.net,0,Video on demand services,Yes
944,sr-vod-insp.akamaized.net,0,Video on demand services,Yes
945,sr-vod-insp.akamaized.net,0,Video on demand services,Yes
946,sr-vod-insp.akamaized.net,0,Video on demand services,Yes
947,sr-vod-insp.akamaized.net,0,Video on demand services,Yes
948,sr-vod-insp.akamaized.net,0,Video on demand services,Yes
949,sr-vod-insp.akamaized.net,0,Video on demand services,Yes
950,sr-vod-insp.akamaized.net,0,Video on demand services,Yes
951,sr-vod-insp.akamaized.net,0,Video on demand services,Yes
952,sr-vod-insp.akamaized.net,0,Video on demand services,Yes
953,sr-vod-insp.akamaized.net,0,Video on demand services,Yes
954,sr-vod-insp.akamaized.net,0,Video on demand services,Yes
955,sr-vod-insp.akamaized.net,0,Video on demand services,Yes
